Date_Time,Port_1,Port_2,Port_3,Port_4,Port_5
7/20/23 12:00,0.071,0.141,0.075,0.055,0.092
7/20/23 13:00,0.07,0.142,0.077,0.056,0.094
7/20/23 14:00,0.074,0.142,0.079,0.056,0.094
7/20/23 15:00,0.076,0.141,0.081,0.055,0.094
7/20/23 16:00,0.077,0.14,0.082,0.054,0.093
7/20/23 17:00,0.077,0.136,0.081,0.052,0.091
7/20/23 18:00,0.077,0.134,0.078,0.049,0.088
7/20/23 19:00,0.074,0.133,0.076,0.049,0.086
7/20/23 20:00,0.072,0.132,0.074,0.048,0.085
7/20/23 21:00,0.072,0.132,0.072,0.047,0.084
7/20/23 22:00,0.073,0.131,0.072,0.046,0.083
7/20/23 23:00,0.074,0.13,0.072,0.045,0.083
7/21/23 0:00,0.074,0.13,0.071,0.045,0.083
7/21/23 1:00,0.074,0.13,0.071,0.045,0.083
7/21/23 2:00,0.073,0.13,0.07,0.045,0.082
7/21/23 3:00,0.072,0.13,0.069,0.045,0.081
7/21/23 4:00,0.07,0.129,0.069,0.044,0.081
7/21/23 5:00,0.07,0.129,0.069,0.044,0.081
7/21/23 6:00,0.069,0.128,0.068,0.044,0.081
7/21/23 7:00,0.069,0.128,0.068,0.044,0.08
7/21/23 8:00,0.069,0.128,0.068,0.045,0.081
7/21/23 9:00,0.07,0.13,0.069,0.046,0.082
7/21/23 10:00,0.072,0.133,0.072,0.049,0.085
7/21/23 11:00,0.07,0.135,0.072,0.05,0.088
7/21/23 12:00,0.072,0.136,0.075,0.052,0.089
7/21/23 13:00,0.07,0.138,0.075,0.053,0.09
7/21/23 14:00,0.074,0.139,0.077,0.054,0.09
7/21/23 15:00,0.075,0.139,0.077,0.053,0.09
7/21/23 16:00,0.075,0.137,0.077,0.052,0.089
7/21/23 17:00,0.075,0.134,0.076,0.049,0.087
7/21/23 18:00,0.074,0.133,0.073,0.047,0.083
7/21/23 19:00,0.072,0.13,0.07,0.045,0.081
7/21/23 20:00,0.069,0.13,0.068,0.044,0.079
7/21/23 21:00,0.072,0.129,0.068,0.043,0.078
7/21/23 22:00,0.073,0.128,0.067,0.041,0.078
7/21/23 23:00,0.072,0.128,0.067,0.036,0.077
7/22/23 0:00,0.072,0.128,0.066,0.035,0.077
7/22/23 1:00,0.071,0.127,0.066,0.035,0.076
7/22/23 2:00,0.071,0.127,0.065,0.035,0.076
7/22/23 3:00,0.069,0.127,0.065,0.035,0.076
7/22/23 4:00,0.068,0.127,0.064,0.035,0.076
7/22/23 5:00,0.067,0.127,0.064,0.035,0.075
7/22/23 6:00,0.066,0.126,0.064,0.035,0.075
7/22/23 7:00,0.067,0.126,0.063,0.035,0.075
7/22/23 8:00,0.067,0.127,0.063,0.035,0.075
7/22/23 9:00,0.068,0.128,0.065,0.036,0.077
7/22/23 10:00,0.069,0.13,0.066,0.038,0.079
7/22/23 11:00,0.066,0.133,0.068,0.038,0.082
7/22/23 12:00,0.067,0.134,0.069,0.04,0.084
7/22/23 13:00,0.066,0.135,0.069,0.042,0.085
7/22/23 14:00,0.069,0.136,0.071,0.042,0.085
7/22/23 15:00,0.07,0.136,0.072,0.042,0.084
7/22/23 16:00,0.07,0.134,0.071,0.041,0.083
7/22/23 17:00,0.069,0.131,0.07,0.038,0.081
7/22/23 18:00,0.069,0.13,0.067,0.036,0.077
7/22/23 19:00,0.066,0.128,0.064,0.035,0.074
7/22/23 20:00,0.063,0.127,0.062,0.033,0.072
7/22/23 21:00,0.066,0.127,0.062,0.032,0.072
7/22/23 22:00,0.066,0.126,0.062,0.032,0.072
7/22/23 23:00,0.066,0.126,0.062,0.032,0.071
7/23/23 0:00,0.067,0.125,0.062,0.032,0.071
7/23/23 1:00,0.066,0.125,0.061,0.032,0.07
7/23/23 2:00,0.066,0.125,0.061,0.032,0.07
7/23/23 3:00,0.066,0.125,0.06,0.032,0.069
7/23/23 4:00,0.066,0.125,0.06,0.032,0.069
7/23/23 5:00,0.065,0.125,0.06,0.032,0.069
7/23/23 6:00,0.064,0.124,0.06,0.032,0.069
7/23/23 7:00,0.063,0.125,0.06,0.032,0.069
7/23/23 8:00,0.063,0.125,0.06,0.032,0.069
7/23/23 9:00,0.065,0.126,0.061,0.032,0.071
7/23/23 10:00,0.064,0.128,0.062,0.035,0.073
7/23/23 11:00,0.061,0.13,0.063,0.035,0.076
7/23/23 12:00,0.062,0.13,0.064,0.037,0.077
7/23/23 13:00,0.061,0.133,0.064,0.037,0.077
7/23/23 14:00,0.065,0.134,0.065,0.038,0.077
7/23/23 15:00,0.066,0.134,0.066,0.038,0.076
7/23/23 16:00,0.066,0.132,0.066,0.037,0.076
7/23/23 17:00,0.063,0.128,0.064,0.034,0.073
7/23/23 18:00,0.062,0.128,0.06,0.032,0.069
7/23/23 19:00,0.064,0.126,0.058,0.031,0.066
7/23/23 20:00,0.062,0.125,0.057,0.03,0.066
7/23/23 21:00,0.064,0.124,0.057,0.029,0.064
7/23/23 22:00,0.061,0.123,0.057,0.028,0.064
7/23/23 23:00,0.06,0.123,0.058,0.028,0.063
7/24/23 0:00,0.062,0.123,0.058,0.028,0.062
7/24/23 1:00,0.063,0.123,0.058,0.028,0.062
7/24/23 2:00,0.062,0.123,0.057,0.028,0.062
7/24/23 3:00,0.061,0.123,0.056,0.028,0.062
7/24/23 4:00,0.06,0.122,0.055,0.028,0.062
7/24/23 5:00,0.06,0.122,0.055,0.028,0.062
7/24/23 6:00,0.059,0.122,0.055,0.028,0.061
7/24/23 7:00,0.059,0.122,0.055,0.028,0.061
7/24/23 8:00,0.059,0.122,0.055,0.028,0.061
7/24/23 9:00,0.059,0.123,0.056,0.029,0.062
7/24/23 10:00,0.06,0.123,0.057,0.031,0.064
7/24/23 11:00,0.06,0.126,0.059,0.032,0.066
7/24/23 12:00,0.061,0.128,0.06,0.034,0.069
7/24/23 13:00,0.059,0.128,0.06,0.034,0.069
7/24/23 14:00,0.062,0.13,0.062,0.035,0.07
7/24/23 15:00,0.061,0.13,0.062,0.035,0.069
7/24/23 16:00,0.061,0.128,0.061,0.034,0.068
7/24/23 17:00,0.06,0.125,0.061,0.031,0.066
7/24/23 18:00,0.057,0.124,0.058,0.03,0.062
7/24/23 19:00,0.058,0.123,0.054,0.028,0.06
7/24/23 20:00,0.066,0.122,0.054,0.027,0.059
7/24/23 21:00,0.076,0.121,0.054,0.026,0.058
7/24/23 22:00,0.062,0.12,0.053,0.026,0.057
7/24/23 23:00,0.054,0.12,0.051,0.026,0.056
7/25/23 0:00,0.054,0.12,0.05,0.026,0.055
7/25/23 1:00,0.054,0.119,0.05,0.025,0.055
7/25/23 2:00,0.054,0.118,0.05,0.025,0.055
7/25/23 3:00,0.055,0.118,0.05,0.025,0.055
7/25/23 4:00,0.055,0.118,0.05,0.025,0.054
7/25/23 5:00,0.055,0.117,0.05,0.025,0.054
7/25/23 6:00,0.055,0.117,0.05,0.025,0.054
7/25/23 7:00,0.055,0.117,0.05,0.025,0.054
7/25/23 8:00,0.055,0.117,0.05,0.025,0.054
7/25/23 9:00,0.057,0.118,0.051,0.026,0.055
7/25/23 10:00,0.06,0.122,0.053,0.028,0.059
7/25/23 11:00,0.052,0.124,0.054,0.03,0.061
7/25/23 12:00,0.052,0.125,0.055,0.032,0.063
7/25/23 13:00,0.05,0.127,0.054,0.032,0.064
7/25/23 14:00,0.058,0.128,0.056,0.033,0.065
7/25/23 15:00,0.058,0.128,0.057,0.033,0.064
7/25/23 16:00,0.057,0.127,0.056,0.032,0.062
7/25/23 17:00,0.056,0.123,0.055,0.029,0.06
7/25/23 18:00,0.054,0.122,0.052,0.027,0.056
7/25/23 19:00,0.05,0.12,0.049,0.026,0.054
7/25/23 20:00,0.051,0.119,0.048,0.025,0.052
7/25/23 21:00,0.052,0.118,0.047,0.025,0.052
7/25/23 22:00,0.069,0.117,0.048,0.024,0.05
7/25/23 23:00,0.06,0.117,0.047,0.023,0.05
7/26/23 0:00,0.06,0.117,0.046,0.023,0.05
7/26/23 1:00,0.048,0.117,0.046,0.023,0.049
7/26/23 2:00,0.048,0.116,0.045,0.023,0.049
7/26/23 3:00,0.049,0.115,0.045,0.023,0.049
7/26/23 4:00,0.049,0.115,0.045,0.022,0.049
7/26/23 5:00,0.049,0.115,0.045,0.021,0.049
7/26/23 6:00,0.056,0.115,0.045,0.021,0.049
7/26/23 7:00,0.05,0.114,0.045,0.021,0.049
7/26/23 8:00,0.049,0.114,0.045,0.021,0.049
7/26/23 9:00,0.051,0.116,0.046,0.022,0.049
7/26/23 10:00,0.051,0.118,0.048,0.025,0.052
7/26/23 11:00,0.049,0.121,0.049,0.026,0.054
7/26/23 12:00,0.049,0.122,0.049,0.026,0.056
7/26/23 13:00,0.048,0.123,0.049,0.027,0.057
7/26/23 14:00,0.054,0.125,0.051,0.028,0.057
7/26/23 15:00,0.054,0.125,0.052,0.028,0.057
7/26/23 16:00,0.054,0.123,0.051,0.028,0.055
7/26/23 17:00,0.053,0.119,0.049,0.025,0.053
7/26/23 18:00,0.05,0.118,0.047,0.023,0.049
7/26/23 19:00,0.047,0.117,0.043,0.021,0.047
7/26/23 20:00,0.049,0.115,0.042,0.021,0.045
7/26/23 21:00,0.089,0.115,0.042,0.02,0.044
7/26/23 22:00,0.07,0.114,0.042,0.02,0.043
7/26/23 23:00,0.057,0.113,0.041,0.019,0.043
7/27/23 0:00,0.049,0.113,0.041,0.018,0.043
7/27/23 1:00,0.045,0.112,0.041,0.018,0.043
7/27/23 2:00,0.044,0.111,0.04,0.018,0.042
7/27/23 3:00,0.043,0.111,0.041,0.018,0.042
7/27/23 4:00,0.043,0.111,0.041,0.018,0.042
7/27/23 5:00,0.044,0.111,0.04,0.018,0.042
7/27/23 6:00,0.045,0.111,0.04,0.018,0.042
7/27/23 7:00,0.055,0.111,0.04,0.017,0.042
7/27/23 8:00,0.058,0.111,0.041,0.018,0.042
7/27/23 9:00,0.052,0.112,0.043,0.018,0.043
7/27/23 10:00,0.046,0.114,0.043,0.021,0.045
7/27/23 11:00,0.049,0.117,0.043,0.022,0.047
7/27/23 12:00,0.049,0.118,0.045,0.026,0.049
7/27/23 13:00,0.046,0.12,0.044,0.027,0.049
7/27/23 14:00,0.052,0.12,0.045,0.025,0.05
7/27/23 15:00,0.053,0.121,0.046,0.026,0.049
7/27/23 16:00,0.052,0.119,0.045,0.025,0.049
7/27/23 17:00,0.049,0.116,0.044,0.022,0.046
7/27/23 18:00,0.048,0.114,0.041,0.021,0.042
7/27/23 19:00,0.044,0.112,0.038,0.019,0.04
7/27/23 20:00,0.045,0.111,0.037,0.018,0.038
7/27/23 21:00,0.053,0.111,0.037,0.017,0.038
7/27/23 22:00,0.097,0.11,0.036,0.016,0.038
7/27/23 23:00,0.043,0.11,0.036,0.016,0.037
7/28/23 0:00,0.039,0.109,0.036,0.016,0.037
7/28/23 1:00,0.038,0.108,0.036,0.016,0.037
7/28/23 2:00,0.038,0.108,0.036,0.015,0.036
7/28/23 3:00,0.039,0.107,0.036,0.015,0.036
7/28/23 4:00,0.038,0.107,0.036,0.015,0.035
7/28/23 5:00,0.038,0.106,0.036,0.015,0.035
7/28/23 6:00,0.038,0.106,0.037,0.015,0.035
7/28/23 7:00,0.038,0.106,0.037,0.015,0.035
7/28/23 8:00,0.038,0.106,0.037,0.015,0.035
7/28/23 9:00,0.041,0.107,0.038,0.015,0.037
7/28/23 10:00,0.043,0.111,0.038,0.018,0.038
7/28/23 11:00,0.039,0.113,0.038,0.021,0.04
7/28/23 12:00,0.042,0.115,0.039,0.023,0.042
7/28/23 13:00,0.042,0.117,0.038,0.023,0.043
7/28/23 14:00,0.047,0.117,0.04,0.023,0.043
7/28/23 15:00,0.047,0.117,0.04,0.023,0.042
7/28/23 16:00,0.045,0.116,0.039,0.023,0.04
7/28/23 17:00,0.043,0.111,0.038,0.02,0.038
7/28/23 18:00,0.043,0.111,0.035,0.018,0.033
7/28/23 19:00,0.038,0.109,0.032,0.016,0.032
7/28/23 20:00,0.038,0.108,0.031,0.015,0.03
7/28/23 21:00,0.066,0.106,0.031,0.015,0.029
7/28/23 22:00,0.062,0.106,0.03,0.014,0.028
7/28/23 23:00,0.051,0.105,0.03,0.014,0.028
7/29/23 0:00,0.035,0.105,0.03,0.014,0.028
7/29/23 1:00,0.034,0.105,0.03,0.013,0.028
7/29/23 2:00,0.035,0.104,0.03,0.013,0.028
7/29/23 3:00,0.041,0.104,0.03,0.013,0.028
7/29/23 4:00,0.059,0.103,0.03,0.012,0.028
7/29/23 5:00,0.063,0.103,0.03,0.012,0.028
7/29/23 6:00,0.033,0.103,0.03,0.012,0.028
7/29/23 7:00,0.033,0.103,0.03,0.012,0.028
7/29/23 8:00,0.033,0.103,0.031,0.012,0.028
7/29/23 9:00,0.035,0.104,0.032,0.013,0.029
7/29/23 10:00,0.037,0.106,0.032,0.015,0.032
7/29/23 11:00,0.034,0.109,0.033,0.016,0.033
7/29/23 12:00,0.037,0.11,0.034,0.021,0.034
7/29/23 13:00,0.033,0.112,0.033,0.021,0.035
7/29/23 14:00,0.041,0.113,0.034,0.021,0.035
7/29/23 15:00,0.043,0.113,0.034,0.021,0.033
7/29/23 16:00,0.042,0.111,0.033,0.02,0.032
7/29/23 17:00,0.041,0.107,0.032,0.017,0.029
7/29/23 18:00,0.038,0.106,0.026,0.015,0.025
7/29/23 19:00,0.032,0.105,0.022,0.013,0.023
7/29/23 20:00,0.032,0.103,0.021,0.012,0.021
7/29/23 21:00,0.034,0.102,0.021,0.011,0.021
7/29/23 22:00,0.039,0.101,0.021,0.011,0.021
7/29/23 23:00,0.083,0.101,0.021,0.011,0.021
7/30/23 0:00,0.034,0.1,0.021,0.01,0.021
7/30/23 1:00,0.034,0.1,0.021,0.01,0.021
7/30/23 2:00,0.028,0.1,0.021,0.009,0.021
7/30/23 3:00,0.027,0.099,0.021,0.009,0.021
7/30/23 4:00,0.027,0.099,0.021,0.009,0.021
7/30/23 5:00,0.027,0.099,0.021,0.009,0.021
7/30/23 6:00,0.028,0.098,0.021,0.009,0.021
7/30/23 7:00,0.029,0.098,0.021,0.009,0.021
7/30/23 8:00,0.034,0.098,0.021,0.009,0.021
7/30/23 9:00,0.032,0.099,0.023,0.01,0.022
7/30/23 10:00,0.032,0.101,0.024,0.011,0.024
7/30/23 11:00,0.034,0.104,0.024,0.013,0.025
7/30/23 12:00,0.036,0.105,0.024,0.015,0.026
7/30/23 13:00,0.032,0.107,0.024,0.017,0.026
7/30/23 14:00,0.036,0.109,0.025,0.017,0.026
7/30/23 15:00,0.038,0.109,0.025,0.017,0.026
7/30/23 16:00,0.038,0.107,0.024,0.017,0.024
7/30/23 17:00,0.036,0.103,0.022,0.014,0.021
7/30/23 18:00,0.033,0.102,0.02,0.012,0.017
7/30/23 19:00,0.03,0.1,0.017,0.01,0.015
7/30/23 20:00,0.032,0.099,0.015,0.009,0.015
7/30/23 21:00,0.053,0.098,0.015,0.008,0.014
7/30/23 22:00,0.028,0.096,0.015,0.008,0.014
7/30/23 23:00,0.026,0.096,0.015,0.008,0.013
7/31/23 0:00,0.029,0.095,0.015,0.008,0.014
7/31/23 1:00,0.03,0.095,0.015,0.007,0.014
7/31/23 2:00,0.025,0.094,0.015,0.007,0.013
7/31/23 3:00,0.025,0.094,0.015,0.007,0.014
7/31/23 4:00,0.024,0.094,0.016,0.007,0.014
7/31/23 5:00,0.024,0.094,0.016,0.007,0.014
7/31/23 6:00,0.024,0.093,0.016,0.006,0.015
7/31/23 7:00,0.024,0.093,0.016,0.006,0.015
7/31/23 8:00,0.025,0.093,0.017,0.007,0.015
7/31/23 9:00,0.026,0.094,0.018,0.008,0.016
7/31/23 10:00,0.029,0.097,0.019,0.009,0.018
7/31/23 11:00,0.028,0.099,0.02,0.01,0.018
7/31/23 12:00,0.028,0.101,0.019,0.013,0.02
7/31/23 13:00,0.026,0.103,0.018,0.013,0.02
7/31/23 14:00,0.033,0.103,0.02,0.014,0.019
7/31/23 15:00,0.033,0.103,0.02,0.014,0.018
7/31/23 16:00,0.032,0.102,0.019,0.013,0.016
7/31/23 17:00,0.031,0.098,0.017,0.01,0.015
7/31/23 18:00,0.028,0.097,0.015,0.009,0.01
7/31/23 19:00,0.026,0.094,0.012,0.007,0.009
7/31/23 20:00,0.026,0.093,0.011,0.006,0.007
7/31/23 21:00,0.034,0.092,0.01,0.005,0.006
7/31/23 22:00,0.026,0.092,0.01,0.004,0.006
7/31/23 23:00,0.024,0.091,0.01,0.004,0.006
8/1/23 0:00,0.022,0.091,0.01,0.004,0.006
8/1/23 1:00,0.023,0.089,0.009,0.004,0.006
8/1/23 2:00,0.021,0.089,0.01,0.004,0.006
8/1/23 3:00,0.02,0.089,0.01,0.004,0.006
8/1/23 4:00,0.021,0.089,0.01,0.003,0.006
8/1/23 5:00,0.022,0.089,0.011,0.003,0.006
8/1/23 6:00,0.028,0.088,0.011,0.003,0.007
8/1/23 7:00,0.026,0.088,0.011,0.003,0.007
8/1/23 8:00,0.022,0.088,0.011,0.003,0.007
8/1/23 9:00,0.023,0.089,0.012,0.004,0.008
8/1/23 10:00,0.026,0.09,0.014,0.004,0.009
8/1/23 11:00,0.028,0.093,0.014,0.007,0.01
8/1/23 12:00,0.025,0.094,0.014,0.009,0.01
8/1/23 13:00,0.023,0.096,0.014,0.009,0.012
8/1/23 14:00,0.027,0.096,0.015,0.008,0.011
8/1/23 15:00,0.031,0.098,0.015,0.009,0.011
8/1/23 16:00,0.031,0.097,0.015,0.009,0.011
8/1/23 17:00,0.029,0.093,0.014,0.006,0.009
8/1/23 18:00,0.029,0.092,0.011,0.004,0.004
8/1/23 19:00,0.025,0.089,0.008,0.003,0.003
8/1/23 20:00,0.024,0.088,0.007,0.002,0.001
8/1/23 21:00,0.025,0.087,0.006,0.001,0.001
8/1/23 22:00,0.022,0.086,0.006,0.001,0
8/1/23 23:00,0.021,0.086,0.006,0.001,0
8/2/23 0:00,0.021,0.085,0.006,0.001,0
8/2/23 1:00,0.018,0.084,0.006,0,0
8/2/23 2:00,0.018,0.084,0.006,0,0.001
8/2/23 3:00,0.018,0.084,0.007,0,0.001
8/2/23 4:00,0.019,0.083,0.007,0,0.001
8/2/23 5:00,0.018,0.083,0.008,0,0.001
8/2/23 6:00,0.019,0.083,0.008,0,0.002
8/2/23 7:00,0.035,0.083,0.008,0,0.002
8/2/23 8:00,0.038,0.083,0.008,0,0.003
8/2/23 9:00,0.028,0.083,0.009,0.001,0.004
8/2/23 10:00,0.021,0.086,0.01,0.002,0.004
8/2/23 11:00,0.021,0.089,0.01,0.001,0.006
8/2/23 12:00,0.025,0.089,0.01,0.002,0.007
8/2/23 13:00,0.024,0.092,0.009,0.004,0.008
8/2/23 14:00,0.027,0.093,0.01,0.005,0.009
8/2/23 15:00,0.027,0.093,0.011,0.006,0.009
8/2/23 16:00,0.026,0.091,0.009,0.004,0.007
8/2/23 17:00,0.024,0.088,0.008,0.002,0.004
8/2/23 18:00,0.025,0.086,0.006,0.001,0.001
8/2/23 19:00,0.022,0.084,0.004,-0.001,0
8/2/23 20:00,0.022,0.083,0.003,-0.002,-0.002
8/2/23 21:00,0.024,0.082,0.003,-0.002,-0.002
8/2/23 22:00,0.042,0.081,0.003,-0.002,-0.002
8/2/23 23:00,0.025,0.081,0.002,-0.002,-0.002
8/3/23 0:00,0.016,0.079,0.002,-0.002,-0.002
8/3/23 1:00,0.016,0.079,0.003,-0.002,-0.002
8/3/23 2:00,0.015,0.079,0.003,-0.002,-0.002
8/3/23 3:00,0.017,0.078,0.003,-0.002,-0.001
8/3/23 4:00,0.017,0.077,0.003,-0.002,-0.001
8/3/23 5:00,0.016,0.077,0.003,-0.002,-0.001
8/3/23 6:00,0.02,0.077,0.004,-0.002,-0.001
8/3/23 7:00,0.024,0.077,0.004,-0.002,0
8/3/23 8:00,0.016,0.077,0.004,-0.002,0
8/3/23 9:00,0.017,0.077,0.005,-0.002,0.001
8/3/23 10:00,0.019,0.08,0.006,0,0.002
8/3/23 11:00,0.019,0.082,0.006,0.001,0.004
8/3/23 12:00,0.022,0.084,0.006,0.001,0.004
8/3/23 13:00,0.021,0.086,0.006,0.003,0.004
8/3/23 14:00,0.026,0.087,0.008,0.003,0.004
8/3/23 15:00,0.028,0.087,0.008,0.003,0.004
8/3/23 16:00,0.026,0.086,0.008,0.002,0.003
8/3/23 17:00,0.025,0.082,0.007,-0.001,0.001
8/3/23 18:00,0.024,0.08,0.004,-0.002,-0.002
8/3/23 19:00,0.021,0.079,0.002,-0.004,-0.005
8/3/23 20:00,0.03,0.077,0.001,-0.004,-0.006
8/3/23 21:00,0.024,0.077,0.002,-0.005,-0.007
8/3/23 22:00,0.024,0.076,0.001,-0.005,-0.007
8/3/23 23:00,0.017,0.076,0.001,-0.005,-0.007
8/4/23 0:00,0.021,0.075,0.001,-0.005,-0.007
8/4/23 1:00,0.015,0.074,0,-0.005,-0.006
8/4/23 2:00,0.015,0.074,-0.001,-0.005,-0.006
8/4/23 3:00,0.018,0.074,-0.001,-0.005,-0.006
8/4/23 4:00,0.015,0.073,-0.001,-0.005,-0.006
8/4/23 5:00,0.014,0.072,-0.001,-0.005,-0.006
8/4/23 6:00,0.014,0.072,-0.001,-0.005,-0.005
8/4/23 7:00,0.014,0.072,0,-0.005,-0.004
8/4/23 8:00,0.015,0.072,0,-0.004,-0.004
8/4/23 9:00,0.015,0.072,0.001,-0.004,-0.003
8/4/23 10:00,0.019,0.075,0.004,-0.002,-0.002
8/4/23 11:00,0.019,0.077,0.004,-0.002,0
8/4/23 12:00,0.021,0.079,0.004,-0.002,0.001
8/4/23 13:00,0.021,0.082,0.004,0,0.001
8/4/23 14:00,0.025,0.083,0.005,0,0.001
8/4/23 15:00,0.026,0.083,0.006,0,0.001
8/4/23 16:00,0.026,0.081,0.005,-0.002,-0.001
8/4/23 17:00,0.025,0.077,0.004,-0.005,-0.002
8/4/23 18:00,0.025,0.076,0.002,-0.006,-0.007
8/4/23 19:00,0.022,0.074,-0.001,-0.008,-0.009
8/4/23 20:00,0.027,0.072,-0.002,-0.008,-0.01
8/4/23 21:00,0.037,0.072,-0.002,-0.008,-0.01
8/4/23 22:00,0.038,0.072,-0.003,-0.008,-0.011
8/4/23 23:00,0.031,0.071,-0.003,-0.008,-0.011
8/5/23 0:00,0.016,0.07,-0.003,-0.008,-0.01
8/5/23 1:00,0.021,0.069,-0.003,-0.008,-0.01
8/5/23 2:00,0.013,0.069,-0.003,-0.008,-0.01
8/5/23 3:00,0.014,0.068,-0.003,-0.008,-0.009
8/5/23 4:00,0.013,0.068,-0.002,-0.008,-0.009
8/5/23 5:00,0.011,0.067,-0.002,-0.008,-0.009
8/5/23 6:00,0.01,0.067,-0.002,-0.008,-0.009
8/5/23 7:00,0.009,0.067,-0.002,-0.008,-0.008
8/5/23 8:00,0.01,0.067,-0.001,-0.007,-0.008
8/5/23 9:00,0.011,0.068,0,-0.006,-0.007
8/5/23 10:00,0.018,0.07,0.002,-0.005,-0.006
8/5/23 11:00,0.021,0.072,0.004,-0.005,-0.005
8/5/23 12:00,0.021,0.074,0.004,-0.004,-0.004
8/5/23 13:00,0.02,0.076,0.002,-0.002,-0.003
8/5/23 14:00,0.024,0.077,0.004,-0.003,-0.002
8/5/23 15:00,0.026,0.077,0.004,-0.005,-0.003
8/5/23 16:00,0.026,0.075,0.004,-0.007,-0.005
8/5/23 17:00,0.026,0.071,0.003,-0.011,-0.007
8/5/23 18:00,0.024,0.07,0.001,-0.011,-0.011
8/5/23 19:00,0.021,0.067,-0.002,-0.012,-0.013
8/5/23 20:00,0.019,0.066,-0.003,-0.013,-0.014
8/5/23 21:00,0.034,0.066,-0.004,-0.013,-0.014
8/5/23 22:00,0.018,0.066,-0.004,-0.013,-0.014
8/5/23 23:00,0.026,0.066,-0.004,-0.012,-0.014
8/6/23 0:00,0.031,0.065,-0.004,-0.012,-0.014
8/6/23 1:00,0.021,0.064,-0.004,-0.012,-0.014
8/6/23 2:00,0.012,0.064,-0.004,-0.011,-0.014
8/6/23 3:00,0.011,0.064,-0.004,-0.011,-0.014
8/6/23 4:00,0.023,0.063,-0.004,-0.011,-0.013
8/6/23 5:00,0.023,0.063,-0.004,-0.011,-0.013
8/6/23 6:00,0.011,0.062,-0.004,-0.011,-0.013
8/6/23 7:00,0.011,0.062,-0.004,-0.011,-0.013
8/6/23 8:00,0.011,0.062,-0.003,-0.01,-0.012
8/6/23 9:00,0.012,0.064,-0.002,-0.009,-0.011
8/6/23 10:00,0.015,0.066,-0.001,-0.009,-0.009
8/6/23 11:00,0.013,0.067,0,-0.006,-0.008
8/6/23 12:00,0.015,0.069,0.001,-0.01,-0.008
8/6/23 13:00,0.017,0.071,0.001,-0.009,-0.007
8/6/23 14:00,0.022,0.071,0.003,-0.009,-0.006
8/6/23 15:00,0.024,0.071,0.003,-0.01,-0.007
8/6/23 16:00,0.025,0.068,0.003,-0.013,-0.008
8/6/23 17:00,0.025,0.064,0.002,-0.017,-0.01
8/6/23 18:00,0.024,0.063,-0.001,-0.019,-0.014
8/6/23 19:00,0.019,0.061,-0.003,-0.02,-0.016
8/6/23 20:00,0.017,0.06,-0.004,-0.02,-0.017
8/6/23 21:00,0.04,0.06,-0.004,-0.02,-0.018
8/6/23 22:00,0.049,0.059,-0.004,-0.019,-0.018
8/6/23 23:00,0.083,0.059,-0.005,-0.019,-0.018
8/7/23 0:00,0.009,0.058,-0.005,-0.019,-0.018
8/7/23 1:00,0.009,0.058,-0.006,-0.019,-0.018
8/7/23 2:00,0.011,0.058,-0.005,-0.018,-0.018
8/7/23 3:00,0.015,0.058,-0.005,-0.018,-0.018
8/7/23 4:00,0.011,0.058,-0.005,-0.017,-0.017
8/7/23 5:00,0.011,0.057,-0.005,-0.017,-0.017
8/7/23 6:00,0.011,0.057,-0.005,-0.016,-0.017
8/7/23 7:00,0.009,0.057,-0.004,-0.016,-0.016
8/7/23 8:00,0.009,0.057,-0.004,-0.016,-0.016
8/7/23 9:00,0.01,0.058,-0.003,-0.015,-0.014
8/7/23 10:00,0.014,0.06,-0.002,-0.014,-0.014
8/7/23 11:00,0.015,0.061,-0.002,-0.014,-0.012
8/7/23 12:00,0.015,0.063,-0.002,-0.014,-0.011
8/7/23 13:00,0.015,0.064,-0.002,-0.014,-0.01
8/7/23 14:00,0.021,0.064,0.001,-0.016,-0.01
8/7/23 15:00,0.026,0.064,0.001,-0.018,-0.01
8/7/23 16:00,0.023,0.062,0.001,-0.019,-0.012
8/7/23 17:00,0.023,0.058,0,-0.025,-0.014
8/7/23 18:00,0.021,0.056,-0.002,-0.025,-0.017
8/7/23 19:00,0.018,0.054,-0.005,-0.027,-0.019
8/7/23 20:00,0.017,0.054,-0.006,-0.027,-0.02
8/7/23 21:00,0.018,0.053,-0.006,-0.027,-0.02
8/7/23 22:00,0.016,0.052,-0.007,-0.026,-0.021
8/7/23 23:00,0.026,0.052,-0.007,-0.026,-0.021
8/8/23 0:00,0.012,0.052,-0.008,-0.025,-0.021
8/8/23 1:00,0.009,0.052,-0.008,-0.025,-0.021
8/8/23 2:00,0.011,0.052,-0.008,-0.025,-0.02
8/8/23 3:00,0.015,0.052,-0.008,-0.024,-0.02
8/8/23 4:00,0.017,0.051,-0.008,-0.024,-0.02
8/8/23 5:00,0.011,0.051,-0.008,-0.023,-0.019
8/8/23 6:00,0.009,0.051,-0.008,-0.023,-0.019
8/8/23 7:00,0.008,0.051,-0.008,-0.023,-0.019
8/8/23 8:00,0.009,0.052,-0.007,-0.022,-0.019
8/8/23 9:00,0.009,0.053,-0.006,-0.021,-0.019
8/8/23 10:00,0.012,0.054,-0.004,-0.02,-0.017
8/8/23 11:00,0.015,0.055,-0.002,-0.02,-0.015
8/8/23 12:00,0.015,0.057,-0.002,-0.02,-0.014
8/8/23 13:00,0.014,0.058,-0.002,-0.019,-0.014
8/8/23 14:00,0.021,0.058,-0.001,-0.023,-0.014
8/8/23 15:00,0.022,0.057,0,-0.024,-0.014
8/8/23 16:00,0.022,0.056,0,-0.026,-0.015
8/8/23 17:00,0.021,0.052,-0.001,-0.031,-0.017
8/8/23 18:00,0.018,0.05,-0.002,-0.033,-0.02
8/8/23 19:00,0.017,0.049,-0.005,-0.034,-0.022
8/8/23 20:00,0.018,0.048,-0.006,-0.034,-0.023
8/8/23 21:00,0.019,0.047,-0.007,-0.034,-0.023
8/8/23 22:00,0.024,0.047,-0.008,-0.033,-0.023
8/8/23 23:00,0.014,0.046,-0.008,-0.033,-0.023
8/9/23 0:00,0.013,0.046,-0.009,-0.032,-0.023
8/9/23 1:00,0.012,0.046,-0.009,-0.031,-0.023
8/9/23 2:00,0.016,0.045,-0.009,-0.031,-0.023
8/9/23 3:00,0.01,0.045,-0.009,-0.03,-0.023
8/9/23 4:00,0.009,0.045,-0.01,-0.03,-0.023
8/9/23 5:00,0.01,0.045,-0.009,-0.029,-0.023
8/9/23 6:00,0.029,0.045,-0.009,-0.028,-0.023
8/9/23 7:00,0.008,0.045,-0.009,-0.027,-0.022
8/9/23 8:00,0.007,0.045,-0.009,-0.027,-0.022
8/9/23 9:00,0.008,0.047,-0.009,-0.025,-0.021
8/9/23 10:00,0.01,0.049,-0.006,-0.025,-0.019
8/9/23 11:00,0.012,0.05,-0.005,-0.025,-0.018
8/9/23 12:00,0.015,0.052,-0.004,-0.026,-0.018
8/9/23 13:00,0.013,0.052,-0.004,-0.026,-0.017
8/9/23 14:00,0.021,0.052,-0.002,-0.028,-0.016
8/9/23 15:00,0.022,0.052,-0.001,-0.03,-0.016
8/9/23 16:00,0.022,0.051,-0.001,-0.031,-0.017
8/9/23 17:00,0.021,0.046,-0.001,-0.036,-0.019
8/9/23 18:00,0.019,0.045,-0.003,-0.038,-0.022
8/9/23 19:00,0.016,0.043,-0.006,-0.04,-0.024
8/9/23 20:00,0.02,0.042,-0.006,-0.04,-0.025
8/9/23 21:00,0.018,0.042,-0.008,-0.039,-0.025
8/9/23 22:00,0.051,0.041,-0.008,-0.039,-0.025
8/9/23 23:00,0.031,0.041,-0.009,-0.038,-0.025
8/10/23 0:00,0.015,0.04,-0.009,-0.037,-0.025
8/10/23 1:00,0.009,0.04,-0.009,-0.036,-0.025
8/10/23 2:00,0.008,0.04,-0.01,-0.036,-0.025
8/10/23 3:00,0.009,0.04,-0.01,-0.035,-0.025
8/10/23 4:00,0.024,0.04,-0.01,-0.035,-0.025
8/10/23 5:00,0.005,0.04,-0.01,-0.034,-0.025
8/10/23 6:00,0.006,0.04,-0.011,-0.033,-0.025
8/10/23 7:00,0.006,0.04,-0.011,-0.033,-0.024
8/10/23 8:00,0.007,0.04,-0.01,-0.032,-0.024
8/10/23 9:00,0.008,0.042,-0.01,-0.031,-0.023
8/10/23 10:00,0.012,0.043,-0.008,-0.031,-0.021
8/10/23 11:00,0.017,0.045,-0.008,-0.031,-0.02
8/10/23 12:00,0.015,0.047,-0.006,-0.032,-0.019
8/10/23 13:00,0.014,0.048,-0.005,-0.031,-0.019
8/10/23 14:00,0.021,0.048,-0.002,-0.032,-0.018
8/10/23 15:00,0.021,0.047,-0.001,-0.033,-0.018
8/10/23 16:00,0.021,0.046,-0.001,-0.035,-0.018
8/10/23 17:00,0.021,0.041,-0.001,-0.04,-0.019
8/10/23 18:00,0.018,0.039,-0.002,-0.042,-0.023
8/10/23 19:00,0.015,0.038,-0.004,-0.045,-0.025
8/10/23 20:00,0.02,0.037,-0.007,-0.045,-0.025
8/10/23 21:00,0.017,0.036,-0.008,-0.046,-0.026
8/10/23 22:00,0.019,0.035,-0.008,-0.045,-0.026
8/10/23 23:00,0.017,0.035,-0.009,-0.045,-0.026
8/11/23 0:00,0.011,0.035,-0.009,-0.044,-0.026
8/11/23 1:00,0.012,0.035,-0.01,-0.043,-0.026
8/11/23 2:00,0.013,0.035,-0.011,-0.043,-0.026
8/11/23 3:00,0.014,0.035,-0.011,-0.042,-0.026
8/11/23 4:00,0.008,0.035,-0.011,-0.042,-0.026
8/11/23 5:00,0.008,0.035,-0.011,-0.042,-0.026
8/11/23 6:00,0.008,0.035,-0.011,-0.041,-0.026
8/11/23 7:00,0.008,0.035,-0.011,-0.04,-0.026
8/11/23 8:00,0.008,0.035,-0.011,-0.04,-0.025
8/11/23 9:00,0.009,0.036,-0.01,-0.039,-0.025
8/11/23 10:00,0.011,0.037,-0.009,-0.038,-0.024
8/11/23 11:00,0.014,0.038,-0.007,-0.038,-0.023
8/11/23 12:00,0.015,0.041,-0.006,-0.038,-0.022
8/11/23 13:00,0.013,0.042,-0.004,-0.037,-0.02
8/11/23 14:00,0.018,0.042,-0.002,-0.038,-0.019
8/11/23 15:00,0.021,0.042,-0.002,-0.038,-0.019
8/11/23 16:00,0.023,0.04,-0.001,-0.039,-0.019
8/11/23 17:00,0.021,0.037,-0.002,-0.043,-0.02
8/11/23 18:00,0.06,0.064,0.031,0.007,0
8/11/23 19:00,0.077,0.072,0.034,0.017,0.009
8/11/23 20:00,0.079,0.077,0.034,0.015,0.013
8/11/23 21:00,0.074,0.082,0.035,0.014,0.015
8/11/23 22:00,0.081,0.084,0.035,0.013,0.015
8/11/23 23:00,0.117,0.084,0.035,0.012,0.016
8/12/23 0:00,0.084,0.084,0.035,0.011,0.017
8/12/23 1:00,0.072,0.084,0.035,0.011,0.018
8/12/23 2:00,0.073,0.083,0.035,0.01,0.018
8/12/23 3:00,0.075,0.083,0.035,0.009,0.019
8/12/23 4:00,0.076,0.083,0.034,0.009,0.02
8/12/23 5:00,0.077,0.082,0.034,0.009,0.02
8/12/23 6:00,0.076,0.081,0.032,0.008,0.02
8/12/23 7:00,0.077,0.08,0.031,0.008,0.021
8/12/23 8:00,0.077,0.079,0.031,0.008,0.021
8/12/23 9:00,0.078,0.08,0.032,0.009,0.021
8/12/23 10:00,0.081,0.082,0.033,0.01,0.023
8/12/23 11:00,0.084,0.084,0.035,0.011,0.025
8/12/23 12:00,0.086,0.087,0.036,0.011,0.026
8/12/23 13:00,0.085,0.089,0.036,0.013,0.028
8/12/23 14:00,0.089,0.089,0.038,0.014,0.032
8/12/23 15:00,0.094,0.09,0.041,0.015,0.034
8/12/23 16:00,0.097,0.089,0.043,0.013,0.035
8/12/23 17:00,0.098,0.084,0.043,0.009,0.035
8/12/23 18:00,0.095,0.082,0.042,0.006,0.032
8/12/23 19:00,0.088,0.079,0.04,0.004,0.031
8/12/23 20:00,0.085,0.078,0.04,0.003,0.029
8/12/23 21:00,0.084,0.076,0.04,0.001,0.027
8/12/23 22:00,0.083,0.075,0.039,0,0.026
8/12/23 23:00,0.083,0.073,0.037,-0.001,0.026
8/13/23 0:00,0.121,0.072,0.036,-0.002,0.025
8/13/23 1:00,0.083,0.072,0.035,-0.002,0.025
8/13/23 2:00,0.077,0.071,0.035,-0.002,0.024
8/13/23 3:00,0.077,0.069,0.034,-0.002,0.023
8/13/23 4:00,0.077,0.069,0.034,-0.003,0.023
8/13/23 5:00,0.078,0.068,0.033,-0.004,0.022
8/13/23 6:00,0.078,0.067,0.033,-0.005,0.021
8/13/23 7:00,0.077,0.066,0.032,-0.005,0.021
8/13/23 8:00,0.076,0.066,0.032,-0.006,0.021
8/13/23 9:00,0.076,0.066,0.032,-0.005,0.021
8/13/23 10:00,0.077,0.068,0.034,-0.004,0.022
8/13/23 11:00,0.075,0.071,0.034,-0.003,0.024
8/13/23 12:00,0.076,0.073,0.035,-0.002,0.026
8/13/23 13:00,0.076,0.075,0.035,-0.001,0.027
8/13/23 14:00,0.083,0.076,0.038,0.001,0.029
8/13/23 15:00,0.088,0.075,0.038,0.002,0.029
8/13/23 16:00,0.092,0.074,0.038,0,0.029
8/13/23 17:00,0.095,0.071,0.038,-0.002,0.028
8/13/23 18:00,0.089,0.069,0.036,-0.004,0.026
8/13/23 19:00,0.082,0.067,0.035,-0.006,0.025
8/13/23 20:00,0.077,0.066,0.035,-0.007,0.023
8/13/23 21:00,0.078,0.065,0.035,-0.008,0.022
8/13/23 22:00,0.079,0.064,0.035,-0.008,0.021
8/13/23 23:00,0.078,0.063,0.035,-0.008,0.021
8/14/23 0:00,0.08,0.062,0.034,-0.009,0.021
8/14/23 1:00,0.076,0.062,0.034,-0.009,0.021
8/14/23 2:00,0.076,0.061,0.033,-0.009,0.02
8/14/23 3:00,0.076,0.06,0.033,-0.009,0.02
8/14/23 4:00,0.079,0.06,0.033,-0.01,0.019
8/14/23 5:00,0.077,0.06,0.033,-0.01,0.02
8/14/23 6:00,0.072,0.059,0.033,-0.011,0.02
8/14/23 7:00,0.071,0.059,0.033,-0.011,0.019
8/14/23 8:00,0.071,0.059,0.033,-0.011,0.019
8/14/23 9:00,0.071,0.059,0.033,-0.01,0.019
8/14/23 10:00,0.072,0.06,0.033,-0.009,0.02
8/14/23 11:00,0.072,0.061,0.033,-0.009,0.02
8/14/23 12:00,0.074,0.062,0.032,-0.01,0.019
8/14/23 13:00,0.073,0.06,0.032,-0.011,0.02
8/14/23 14:00,0.076,0.061,0.035,-0.01,0.021
8/14/23 15:00,0.076,0.062,0.034,-0.008,0.022
8/14/23 16:00,0.074,0.06,0.034,-0.011,0.021
8/14/23 17:00,0.084,0.061,0.038,-0.01,0.024
8/14/23 18:00,0.163,0.083,0.09,0.028,0.066
8/14/23 19:00,0.172,0.087,0.087,0.027,0.07
8/14/23 20:00,0.168,0.093,0.083,0.023,0.071
8/14/23 21:00,0.162,0.095,0.08,0.021,0.071
8/14/23 22:00,0.159,0.095,0.079,0.021,0.072
8/14/23 23:00,0.156,0.095,0.078,0.019,0.072
8/15/23 0:00,0.153,0.094,0.077,0.018,0.071
8/15/23 1:00,0.151,0.094,0.077,0.018,0.071
8/15/23 2:00,0.148,0.093,0.076,0.018,0.07
8/15/23 3:00,0.146,0.093,0.076,0.017,0.07
8/15/23 4:00,0.145,0.092,0.075,0.017,0.069
8/15/23 5:00,0.143,0.091,0.075,0.016,0.069
8/15/23 6:00,0.141,0.091,0.074,0.016,0.069
8/15/23 7:00,0.14,0.09,0.074,0.016,0.068
8/15/23 8:00,0.138,0.09,0.074,0.015,0.068
8/15/23 9:00,0.137,0.091,0.074,0.016,0.069
8/15/23 10:00,0.139,0.092,0.076,0.018,0.071
8/15/23 11:00,0.142,0.095,0.075,0.019,0.072
8/15/23 12:00,0.154,0.096,0.075,0.018,0.072
8/15/23 13:00,0.141,0.096,0.075,0.017,0.072
8/15/23 14:00,0.14,0.097,0.076,0.018,0.073
8/15/23 15:00,0.141,0.095,0.074,0.015,0.072
8/15/23 16:00,0.141,0.094,0.077,0.015,0.072
8/15/23 17:00,0.206,0.11,0.123,0.043,0.1
8/15/23 18:00,0.202,0.117,0.123,0.043,0.105
8/15/23 19:00,0.192,0.117,0.117,0.038,0.102
8/15/23 20:00,0.189,0.114,0.113,0.034,0.1
8/15/23 21:00,0.196,0.112,0.11,0.032,0.097
8/15/23 22:00,0.18,0.111,0.107,0.031,0.095
8/15/23 23:00,0.174,0.11,0.105,0.03,0.094
8/16/23 0:00,0.168,0.109,0.104,0.029,0.093
8/16/23 1:00,0.165,0.107,0.103,0.028,0.091
8/16/23 2:00,0.162,0.106,0.102,0.028,0.09
8/16/23 3:00,0.161,0.106,0.101,0.027,0.089
8/16/23 4:00,0.158,0.105,0.1,0.026,0.089
8/16/23 5:00,0.156,0.105,0.1,0.026,0.089
8/16/23 6:00,0.155,0.105,0.099,0.026,0.088
8/16/23 7:00,0.154,0.104,0.098,0.026,0.088
8/16/23 8:00,0.152,0.103,0.098,0.026,0.088
8/16/23 9:00,0.152,0.104,0.098,0.026,0.088
8/16/23 10:00,0.154,0.105,0.1,0.027,0.089
8/16/23 11:00,0.156,0.109,0.1,0.028,0.09
8/16/23 12:00,0.158,0.111,0.101,0.027,0.09
8/16/23 13:00,0.157,0.111,0.1,0.028,0.091
8/16/23 14:00,0.155,0.109,0.098,0.025,0.089
8/16/23 15:00,0.153,0.106,0.096,0.023,0.086
8/16/23 16:00,0.154,0.105,0.096,0.022,0.086
8/16/23 17:00,0.151,0.105,0.094,0.021,0.085
8/16/23 18:00,0.15,0.103,0.093,0.02,0.083
8/16/23 19:00,0.151,0.102,0.093,0.02,0.083
8/16/23 20:00,0.162,0.101,0.091,0.019,0.083
8/16/23 21:00,0.149,0.1,0.09,0.018,0.082
8/16/23 22:00,0.147,0.1,0.089,0.018,0.082
8/16/23 23:00,0.146,0.1,0.089,0.018,0.081
8/17/23 0:00,0.145,0.099,0.089,0.018,0.081
8/17/23 1:00,0.144,0.098,0.089,0.018,0.081
8/17/23 2:00,0.145,0.098,0.089,0.018,0.081
8/17/23 3:00,0.145,0.098,0.089,0.019,0.082
8/17/23 4:00,0.145,0.098,0.089,0.021,0.083
8/17/23 5:00,0.144,0.098,0.089,0.021,0.083
8/17/23 6:00,0.144,0.098,0.089,0.021,0.083
8/17/23 7:00,0.144,0.098,0.089,0.021,0.083
8/17/23 8:00,0.144,0.098,0.089,0.021,0.083
8/17/23 9:00,0.143,0.098,0.089,0.021,0.083
8/17/23 10:00,0.145,0.1,0.092,0.022,0.084
8/17/23 11:00,0.146,0.102,0.092,0.022,0.085
8/17/23 12:00,0.147,0.105,0.093,0.021,0.084
8/17/23 13:00,0.15,0.106,0.093,0.023,0.086
8/17/23 14:00,0.151,0.106,0.094,0.023,0.087
8/17/23 15:00,0.153,0.107,0.096,0.024,0.088
8/17/23 16:00,0.151,0.106,0.097,0.022,0.087
8/17/23 17:00,0.148,0.103,0.096,0.02,0.086
8/17/23 18:00,0.143,0.1,0.094,0.017,0.082
8/17/23 19:00,0.14,0.099,0.091,0.015,0.079
8/17/23 20:00,0.136,0.097,0.089,0.015,0.077
8/17/23 21:00,0.137,0.095,0.088,0.013,0.075
8/17/23 22:00,0.136,0.094,0.086,0.012,0.074
8/17/23 23:00,0.134,0.093,0.084,0.011,0.072
8/18/23 0:00,0.134,0.092,0.083,0.011,0.072
8/18/23 1:00,0.135,0.091,0.083,0.01,0.071
8/18/23 2:00,0.126,0.09,0.082,0.01,0.07
8/18/23 3:00,0.124,0.089,0.081,0.009,0.069
8/18/23 4:00,0.123,0.089,0.081,0.009,0.069
8/18/23 5:00,0.123,0.088,0.08,0.009,0.068
8/18/23 6:00,0.122,0.088,0.079,0.009,0.068
8/18/23 7:00,0.122,0.087,0.079,0.008,0.067
8/18/23 8:00,0.122,0.087,0.079,0.008,0.067
8/18/23 9:00,0.122,0.088,0.079,0.009,0.068
8/18/23 10:00,0.123,0.089,0.079,0.01,0.069
8/18/23 11:00,0.125,0.091,0.081,0.011,0.072
8/18/23 12:00,0.129,0.094,0.082,0.011,0.072
8/18/23 13:00,0.13,0.096,0.083,0.014,0.075
8/18/23 14:00,0.132,0.098,0.085,0.015,0.077
8/18/23 15:00,0.132,0.097,0.086,0.015,0.077
8/18/23 16:00,0.129,0.094,0.085,0.012,0.074
8/18/23 17:00,0.128,0.091,0.083,0.009,0.071
8/18/23 18:00,0.125,0.089,0.082,0.008,0.07
8/18/23 19:00,0.134,0.088,0.08,0.007,0.068
8/18/23 20:00,0.128,0.087,0.079,0.006,0.067
8/18/23 21:00,0.145,0.086,0.077,0.006,0.066
8/18/23 22:00,0.124,0.085,0.077,0.005,0.066
8/18/23 23:00,0.122,0.084,0.076,0.004,0.065
8/19/23 0:00,0.118,0.083,0.076,0.004,0.064
8/19/23 1:00,0.116,0.083,0.075,0.004,0.063
8/19/23 2:00,0.115,0.083,0.075,0.004,0.062
8/19/23 3:00,0.114,0.082,0.074,0.004,0.062
8/19/23 4:00,0.113,0.081,0.074,0.004,0.062
8/19/23 5:00,0.113,0.081,0.074,0.003,0.062
8/19/23 6:00,0.113,0.08,0.073,0.003,0.061
8/19/23 7:00,0.113,0.079,0.072,0.003,0.061
8/19/23 8:00,0.116,0.079,0.072,0.003,0.061
8/19/23 9:00,0.129,0.08,0.073,0.004,0.062
8/19/23 10:00,0.123,0.082,0.078,0.005,0.063
8/19/23 11:00,0.117,0.084,0.079,0.006,0.065
8/19/23 12:00,0.117,0.087,0.079,0.006,0.066
8/19/23 13:00,0.117,0.089,0.08,0.01,0.069
8/19/23 14:00,0.12,0.091,0.083,0.011,0.071
8/19/23 15:00,0.122,0.089,0.083,0.01,0.071
8/19/23 16:00,0.123,0.089,0.084,0.009,0.07
8/19/23 17:00,0.123,0.087,0.085,0.008,0.069
8/19/23 18:00,0.12,0.084,0.083,0.005,0.066
8/19/23 19:00,0.118,0.083,0.081,0.004,0.064
8/19/23 20:00,0.118,0.082,0.079,0.003,0.062
8/19/23 21:00,0.118,0.08,0.078,0.002,0.061
8/19/23 22:00,0.117,0.079,0.077,0.001,0.06
8/19/23 23:00,0.117,0.078,0.077,0.001,0.06
8/20/23 0:00,0.112,0.077,0.077,-0.001,0.061
8/20/23 1:00,0.111,0.077,0.077,0,0.062
8/20/23 2:00,0.111,0.078,0.076,0.001,0.062
8/20/23 3:00,0.111,0.078,0.076,0.003,0.062
8/20/23 4:00,0.111,0.078,0.076,0.004,0.062
8/20/23 5:00,0.111,0.077,0.076,0.004,0.062
8/20/23 6:00,0.11,0.077,0.076,0.004,0.062
8/20/23 7:00,0.11,0.077,0.076,0.004,0.062
8/20/23 8:00,0.111,0.077,0.076,0.004,0.062
8/20/23 9:00,0.111,0.077,0.076,0.004,0.063
8/20/23 10:00,0.112,0.077,0.077,0.004,0.063
8/20/23 11:00,0.113,0.078,0.077,0.006,0.063
8/20/23 12:00,0.113,0.078,0.077,0.006,0.063
8/20/23 13:00,0.115,0.078,0.077,0.006,0.063
8/20/23 14:00,0.116,0.079,0.078,0.006,0.064
8/20/23 15:00,0.116,0.079,0.078,0.006,0.064
8/20/23 16:00,0.115,0.079,0.078,0.004,0.063
8/20/23 17:00,0.113,0.078,0.077,0.004,0.062
8/20/23 18:00,0.113,0.077,0.077,0.004,0.062
8/20/23 19:00,0.111,0.077,0.076,0.003,0.06
8/20/23 20:00,0.11,0.076,0.076,0.002,0.06
8/20/23 21:00,0.109,0.076,0.076,0.001,0.06
8/20/23 22:00,0.108,0.076,0.076,0.001,0.06
8/20/23 23:00,0.124,0.086,0.099,0.003,0.07
8/21/23 0:00,0.169,0.098,0.132,0.018,0.09
8/21/23 1:00,0.215,0.105,0.143,0.034,0.105
8/21/23 2:00,0.226,0.116,0.14,0.038,0.11
8/21/23 3:00,0.222,0.121,0.137,0.042,0.111
8/21/23 4:00,0.23,0.124,0.144,0.046,0.117
8/21/23 5:00,0.234,0.127,0.146,0.049,0.119
8/21/23 6:00,0.29,0.13,0.158,0.055,0.131
8/21/23 7:00,0.34,0.136,0.184,0.06,0.147
8/21/23 8:00,0.36,0.141,0.191,0.066,0.176
8/21/23 9:00,0.363,0.146,0.196,0.072,0.189
8/21/23 10:00,0.319,0.145,0.174,0.07,0.168
8/21/23 11:00,0.285,0.143,0.17,0.066,0.157
8/21/23 12:00,0.264,0.14,0.167,0.061,0.151
8/21/23 13:00,0.252,0.139,0.164,0.06,0.148
8/21/23 14:00,0.243,0.139,0.163,0.057,0.145
8/21/23 15:00,0.238,0.137,0.162,0.056,0.144
8/21/23 16:00,0.255,0.14,0.164,0.066,0.149
8/21/23 17:00,0.269,0.142,0.172,0.069,0.154
8/21/23 18:00,0.355,0.156,0.203,0.081,0.192
8/21/23 19:00,0.335,0.153,0.175,0.079,0.175
8/21/23 20:00,0.298,0.147,0.161,0.073,0.162
8/21/23 21:00,0.281,0.144,0.156,0.068,0.156
8/21/23 22:00,0.272,0.141,0.154,0.065,0.152
8/21/23 23:00,0.267,0.14,0.153,0.062,0.15
8/22/23 0:00,0.262,0.139,0.152,0.06,0.147
8/22/23 1:00,0.259,0.138,0.151,0.059,0.145
8/22/23 2:00,0.257,0.137,0.15,0.06,0.145
8/22/23 3:00,0.256,0.136,0.149,0.06,0.144
8/22/23 4:00,0.254,0.135,0.149,0.059,0.144
8/22/23 5:00,0.253,0.135,0.148,0.059,0.142
8/22/23 6:00,0.251,0.135,0.148,0.057,0.141
8/22/23 7:00,0.249,0.134,0.147,0.056,0.14
8/22/23 8:00,0.254,0.134,0.147,0.06,0.142
8/22/23 9:00,0.287,0.14,0.16,0.072,0.151
8/22/23 10:00,0.292,0.144,0.157,0.072,0.152
8/22/23 11:00,0.275,0.143,0.153,0.069,0.148
8/22/23 12:00,0.265,0.143,0.154,0.066,0.146
8/22/23 13:00,0.26,0.144,0.156,0.061,0.145
8/22/23 14:00,0.259,0.143,0.157,0.058,0.144
8/22/23 15:00,0.253,0.142,0.157,0.055,0.142
8/22/23 16:00,0.249,0.14,0.157,0.054,0.14
8/22/23 17:00,0.247,0.14,0.156,0.052,0.139
8/22/23 18:00,0.246,0.138,0.156,0.052,0.138
8/22/23 19:00,0.243,0.137,0.155,0.05,0.136
8/22/23 20:00,0.242,0.135,0.154,0.05,0.135
8/22/23 21:00,0.242,0.134,0.152,0.049,0.134
8/22/23 22:00,0.239,0.134,0.151,0.049,0.134
8/22/23 23:00,0.237,0.134,0.151,0.049,0.134
8/23/23 0:00,0.236,0.133,0.151,0.049,0.133
8/23/23 1:00,0.236,0.133,0.15,0.049,0.133
8/23/23 2:00,0.236,0.132,0.15,0.049,0.132
8/23/23 3:00,0.237,0.132,0.149,0.049,0.132
8/23/23 4:00,0.236,0.131,0.149,0.049,0.132
8/23/23 5:00,0.236,0.131,0.149,0.049,0.132
8/23/23 6:00,0.235,0.13,0.148,0.048,0.131
8/23/23 7:00,0.235,0.13,0.147,0.048,0.13
8/23/23 8:00,0.235,0.13,0.147,0.048,0.13
8/23/23 9:00,0.234,0.13,0.147,0.048,0.131
8/23/23 10:00,0.235,0.133,0.15,0.05,0.133
8/23/23 11:00,0.235,0.135,0.151,0.049,0.134
8/23/23 12:00,0.233,0.136,0.151,0.049,0.132
8/23/23 13:00,0.233,0.139,0.151,0.049,0.134
8/23/23 14:00,0.229,0.14,0.152,0.049,0.134
8/23/23 15:00,0.226,0.14,0.152,0.047,0.134
8/23/23 16:00,0.222,0.14,0.151,0.045,0.13
8/23/23 17:00,0.218,0.135,0.15,0.043,0.128
8/23/23 18:00,0.215,0.134,0.147,0.041,0.126
8/23/23 19:00,0.221,0.132,0.146,0.04,0.124
8/23/23 20:00,0.224,0.13,0.145,0.04,0.123
8/23/23 21:00,0.22,0.13,0.145,0.04,0.123
8/23/23 22:00,0.217,0.129,0.145,0.04,0.123
8/23/23 23:00,0.215,0.128,0.144,0.04,0.123
8/24/23 0:00,0.215,0.128,0.144,0.04,0.123
8/24/23 1:00,0.215,0.128,0.144,0.04,0.123
8/24/23 2:00,0.215,0.127,0.144,0.04,0.123
8/24/23 3:00,0.216,0.127,0.144,0.04,0.123
8/24/23 4:00,0.216,0.127,0.144,0.039,0.123
8/24/23 5:00,0.215,0.127,0.144,0.039,0.122
8/24/23 6:00,0.215,0.127,0.143,0.038,0.122
8/24/23 7:00,0.215,0.126,0.143,0.038,0.122
8/24/23 8:00,0.216,0.126,0.143,0.038,0.122
8/24/23 9:00,0.219,0.127,0.143,0.039,0.122
8/24/23 10:00,0.216,0.128,0.144,0.042,0.124
8/24/23 11:00,0.214,0.131,0.145,0.042,0.125
8/24/23 12:00,0.213,0.132,0.144,0.041,0.123
8/24/23 13:00,0.209,0.134,0.145,0.043,0.127
8/24/23 14:00,0.208,0.134,0.145,0.042,0.125
8/24/23 15:00,0.207,0.134,0.145,0.041,0.125
8/24/23 16:00,0.204,0.133,0.145,0.039,0.123
8/24/23 17:00,0.201,0.129,0.144,0.037,0.122
8/24/23 18:00,0.198,0.128,0.142,0.036,0.119
8/24/23 19:00,0.201,0.127,0.14,0.035,0.117
8/24/23 20:00,0.206,0.125,0.14,0.035,0.117
8/24/23 21:00,0.207,0.125,0.139,0.035,0.117
8/24/23 22:00,0.201,0.123,0.139,0.035,0.117
8/24/23 23:00,0.2,0.123,0.139,0.035,0.117
8/25/23 0:00,0.2,0.123,0.139,0.035,0.117
8/25/23 1:00,0.201,0.123,0.139,0.035,0.116
8/25/23 2:00,0.201,0.123,0.138,0.035,0.117
8/25/23 3:00,0.201,0.122,0.138,0.035,0.117
8/25/23 4:00,0.202,0.122,0.138,0.035,0.116
8/25/23 5:00,0.202,0.122,0.138,0.035,0.116
8/25/23 6:00,0.202,0.122,0.138,0.035,0.116
8/25/23 7:00,0.202,0.122,0.138,0.035,0.116
8/25/23 8:00,0.204,0.122,0.139,0.036,0.117
8/25/23 9:00,0.205,0.123,0.139,0.036,0.117
8/25/23 10:00,0.203,0.124,0.14,0.038,0.118
8/25/23 11:00,0.202,0.126,0.14,0.038,0.12
8/25/23 12:00,0.202,0.128,0.14,0.038,0.119
8/25/23 13:00,0.2,0.13,0.14,0.038,0.122
8/25/23 14:00,0.199,0.131,0.142,0.038,0.121
8/25/23 15:00,0.2,0.132,0.143,0.04,0.122
8/25/23 16:00,0.199,0.131,0.144,0.039,0.12
8/25/23 17:00,0.194,0.127,0.141,0.036,0.117
8/25/23 18:00,0.191,0.124,0.139,0.033,0.115
8/25/23 19:00,0.192,0.123,0.137,0.032,0.113
8/25/23 20:00,0.195,0.122,0.136,0.032,0.112
8/25/23 21:00,0.196,0.121,0.135,0.031,0.111
8/25/23 22:00,0.191,0.12,0.134,0.031,0.111
8/25/23 23:00,0.189,0.119,0.134,0.031,0.111
8/26/23 0:00,0.19,0.118,0.134,0.031,0.111
8/26/23 1:00,0.191,0.118,0.134,0.031,0.111
8/26/23 2:00,0.191,0.117,0.134,0.031,0.111
8/26/23 3:00,0.191,0.117,0.134,0.031,0.111
8/26/23 4:00,0.191,0.117,0.134,0.031,0.11
8/26/23 5:00,0.19,0.117,0.134,0.031,0.11
8/26/23 6:00,0.191,0.117,0.134,0.031,0.11
8/26/23 7:00,0.19,0.117,0.134,0.03,0.11
8/26/23 8:00,0.19,0.117,0.134,0.03,0.11
8/26/23 9:00,0.191,0.117,0.134,0.031,0.111
8/26/23 10:00,0.191,0.119,0.134,0.033,0.113
8/26/23 11:00,0.187,0.121,0.135,0.033,0.115
8/26/23 12:00,0.187,0.123,0.135,0.033,0.113
8/26/23 13:00,0.189,0.126,0.136,0.035,0.117
8/26/23 14:00,0.191,0.127,0.138,0.036,0.117
8/26/23 15:00,0.192,0.128,0.14,0.036,0.118
8/26/23 16:00,0.189,0.127,0.14,0.036,0.117
8/26/23 17:00,0.185,0.123,0.138,0.033,0.113
8/26/23 18:00,0.18,0.12,0.135,0.031,0.111
8/26/23 19:00,0.181,0.118,0.134,0.028,0.108
8/26/23 20:00,0.185,0.117,0.132,0.028,0.107
8/26/23 21:00,0.182,0.117,0.131,0.026,0.106
8/26/23 22:00,0.179,0.116,0.13,0.026,0.106
8/26/23 23:00,0.18,0.115,0.13,0.026,0.105
8/27/23 0:00,0.181,0.114,0.129,0.026,0.105
8/27/23 1:00,0.181,0.114,0.129,0.026,0.105
8/27/23 2:00,0.18,0.113,0.129,0.026,0.105
8/27/23 3:00,0.181,0.113,0.129,0.026,0.105
8/27/23 4:00,0.181,0.113,0.128,0.026,0.105
8/27/23 5:00,0.181,0.113,0.128,0.026,0.105
8/27/23 6:00,0.18,0.113,0.128,0.026,0.105
8/27/23 7:00,0.179,0.113,0.128,0.026,0.105
8/27/23 8:00,0.179,0.112,0.128,0.026,0.105
8/27/23 9:00,0.18,0.113,0.129,0.027,0.106
8/27/23 10:00,0.18,0.115,0.13,0.029,0.109
8/27/23 11:00,0.178,0.117,0.131,0.03,0.111
8/27/23 12:00,0.178,0.118,0.132,0.03,0.11
8/27/23 13:00,0.179,0.122,0.133,0.032,0.113
8/27/23 14:00,0.18,0.123,0.134,0.034,0.113
8/27/23 15:00,0.185,0.124,0.137,0.035,0.115
8/27/23 16:00,0.183,0.123,0.137,0.034,0.113
8/27/23 17:00,0.179,0.119,0.135,0.031,0.11
8/27/23 18:00,0.175,0.117,0.133,0.028,0.107
8/27/23 19:00,0.173,0.115,0.131,0.026,0.105
8/27/23 20:00,0.187,0.113,0.129,0.025,0.104
8/27/23 21:00,0.177,0.113,0.128,0.024,0.103
8/27/23 22:00,0.173,0.111,0.127,0.024,0.103
8/27/23 23:00,0.172,0.111,0.127,0.024,0.102
8/28/23 0:00,0.172,0.11,0.127,0.025,0.102
8/28/23 1:00,0.17,0.11,0.126,0.023,0.102
8/28/23 2:00,0.169,0.11,0.126,0.023,0.101
8/28/23 3:00,0.168,0.109,0.125,0.023,0.101
8/28/23 4:00,0.168,0.109,0.125,0.023,0.101
8/28/23 5:00,0.169,0.108,0.125,0.023,0.101
8/28/23 6:00,0.169,0.108,0.125,0.023,0.101
8/28/23 7:00,0.169,0.108,0.125,0.023,0.101
8/28/23 8:00,0.169,0.108,0.125,0.023,0.101
8/28/23 9:00,0.169,0.108,0.126,0.023,0.102
8/28/23 10:00,0.171,0.111,0.127,0.026,0.105
8/28/23 11:00,0.173,0.113,0.127,0.026,0.106
8/28/23 12:00,0.172,0.114,0.128,0.026,0.105
8/28/23 13:00,0.173,0.117,0.129,0.028,0.11
8/28/23 14:00,0.176,0.119,0.133,0.03,0.11
8/28/23 15:00,0.178,0.12,0.134,0.032,0.111
8/28/23 16:00,0.176,0.12,0.135,0.032,0.111
8/28/23 17:00,0.173,0.116,0.133,0.028,0.106
8/28/23 18:00,0.17,0.112,0.13,0.025,0.105
8/28/23 19:00,0.165,0.111,0.128,0.023,0.102
8/28/23 20:00,0.191,0.11,0.126,0.021,0.1
8/28/23 21:00,0.178,0.108,0.125,0.021,0.1
8/28/23 22:00,0.167,0.107,0.124,0.021,0.099
8/28/23 23:00,0.166,0.106,0.123,0.021,0.099
8/29/23 0:00,0.164,0.106,0.123,0.02,0.098
8/29/23 1:00,0.162,0.105,0.123,0.02,0.098
8/29/23 2:00,0.162,0.105,0.123,0.02,0.098
8/29/23 3:00,0.161,0.105,0.122,0.02,0.097
8/29/23 4:00,0.161,0.105,0.122,0.02,0.097
8/29/23 5:00,0.161,0.104,0.122,0.019,0.097
8/29/23 6:00,0.161,0.103,0.122,0.019,0.097
8/29/23 7:00,0.161,0.103,0.121,0.019,0.097
8/29/23 8:00,0.161,0.103,0.122,0.019,0.097
8/29/23 9:00,0.161,0.103,0.122,0.02,0.098
8/29/23 10:00,0.163,0.105,0.123,0.021,0.1
8/29/23 11:00,0.165,0.107,0.123,0.021,0.1
8/29/23 12:00,0.165,0.108,0.124,0.021,0.1
8/29/23 13:00,0.161,0.111,0.125,0.025,0.105
8/29/23 14:00,0.162,0.113,0.128,0.026,0.105
8/29/23 15:00,0.169,0.115,0.13,0.028,0.107
8/29/23 16:00,0.169,0.115,0.132,0.027,0.106
8/29/23 17:00,0.166,0.111,0.129,0.025,0.102
8/29/23 18:00,0.16,0.108,0.127,0.021,0.1
8/29/23 19:00,0.158,0.106,0.124,0.02,0.098
8/29/23 20:00,0.174,0.105,0.123,0.018,0.096
8/29/23 21:00,0.158,0.103,0.122,0.017,0.095
8/29/23 22:00,0.156,0.102,0.12,0.017,0.094
8/29/23 23:00,0.153,0.102,0.119,0.017,0.094
8/30/23 0:00,0.152,0.101,0.118,0.016,0.093
8/30/23 1:00,0.153,0.1,0.118,0.016,0.093
8/30/23 2:00,0.152,0.1,0.117,0.017,0.093
8/30/23 3:00,0.153,0.1,0.117,0.017,0.093
8/30/23 4:00,0.153,0.1,0.117,0.015,0.092
8/30/23 5:00,0.153,0.1,0.117,0.015,0.092
8/30/23 6:00,0.152,0.099,0.117,0.015,0.092
8/30/23 7:00,0.156,0.099,0.117,0.015,0.091
8/30/23 8:00,0.155,0.099,0.117,0.015,0.092
8/30/23 9:00,0.153,0.099,0.118,0.015,0.093
8/30/23 10:00,0.154,0.101,0.12,0.017,0.095
8/30/23 11:00,0.156,0.103,0.12,0.018,0.096
8/30/23 12:00,0.157,0.104,0.121,0.018,0.096
8/30/23 13:00,0.152,0.107,0.123,0.021,0.101
8/30/23 14:00,0.156,0.109,0.126,0.024,0.103
8/30/23 15:00,0.163,0.11,0.128,0.026,0.105
8/30/23 16:00,0.163,0.11,0.129,0.025,0.104
8/30/23 17:00,0.159,0.106,0.127,0.023,0.1
8/30/23 18:00,0.156,0.104,0.124,0.02,0.098
8/30/23 19:00,0.151,0.102,0.123,0.018,0.096
8/30/23 20:00,0.161,0.1,0.12,0.016,0.094
8/30/23 21:00,0.156,0.1,0.12,0.016,0.093
8/30/23 22:00,0.151,0.099,0.118,0.015,0.092
8/30/23 23:00,0.148,0.098,0.117,0.015,0.091
8/31/23 0:00,0.147,0.098,0.117,0.015,0.091
8/31/23 1:00,0.145,0.097,0.117,0.015,0.09
8/31/23 2:00,0.145,0.096,0.116,0.014,0.09
8/31/23 3:00,0.146,0.096,0.116,0.013,0.09
8/31/23 4:00,0.145,0.095,0.115,0.013,0.089
8/31/23 5:00,0.147,0.095,0.114,0.013,0.089
8/31/23 6:00,0.145,0.094,0.114,0.012,0.089
8/31/23 7:00,0.145,0.094,0.114,0.012,0.089
8/31/23 8:00,0.148,0.094,0.114,0.013,0.089
8/31/23 9:00,0.147,0.094,0.115,0.013,0.09
8/31/23 10:00,0.147,0.096,0.116,0.015,0.093
8/31/23 11:00,0.147,0.098,0.117,0.015,0.093
8/31/23 12:00,0.149,0.099,0.117,0.015,0.093
8/31/23 13:00,0.145,0.102,0.118,0.018,0.097
8/31/23 14:00,0.147,0.103,0.122,0.02,0.098
8/31/23 15:00,0.152,0.105,0.124,0.021,0.101
8/31/23 16:00,0.154,0.105,0.125,0.022,0.1
8/31/23 17:00,0.149,0.101,0.123,0.02,0.096
8/31/23 18:00,0.145,0.1,0.121,0.017,0.094
8/31/23 19:00,0.146,0.098,0.119,0.015,0.093
8/31/23 20:00,0.156,0.096,0.117,0.014,0.091
8/31/23 21:00,0.143,0.095,0.117,0.013,0.089
8/31/23 22:00,0.141,0.094,0.116,0.012,0.089
8/31/23 23:00,0.14,0.094,0.115,0.012,0.089
9/1/23 0:00,0.139,0.093,0.114,0.012,0.088
9/1/23 1:00,0.139,0.093,0.113,0.011,0.088
9/1/23 2:00,0.138,0.093,0.113,0.011,0.088
9/1/23 3:00,0.138,0.092,0.113,0.011,0.087
9/1/23 4:00,0.137,0.092,0.112,0.011,0.087
9/1/23 5:00,0.137,0.092,0.112,0.011,0.087
9/1/23 6:00,0.137,0.092,0.112,0.011,0.087
9/1/23 7:00,0.137,0.091,0.112,0.011,0.087
9/1/23 8:00,0.137,0.091,0.112,0.011,0.088
9/1/23 9:00,0.137,0.091,0.112,0.011,0.088
9/1/23 10:00,0.137,0.092,0.112,0.011,0.088
9/1/23 11:00,0.136,0.091,0.112,0.012,0.088
9/1/23 12:00,0.136,0.091,0.113,0.012,0.089
9/1/23 13:00,0.141,0.096,0.12,0.015,0.094
9/1/23 14:00,0.145,0.098,0.123,0.021,0.097
9/1/23 15:00,0.145,0.097,0.12,0.023,0.097
9/1/23 16:00,0.148,0.098,0.124,0.026,0.1
9/1/23 17:00,0.163,0.107,0.155,0.036,0.111
9/1/23 18:00,0.187,0.111,0.163,0.043,0.119
9/1/23 19:00,0.226,0.116,0.167,0.049,0.128
9/1/23 20:00,0.253,0.122,0.173,0.054,0.135
9/1/23 21:00,0.243,0.125,0.165,0.054,0.134
9/1/23 22:00,0.281,0.129,0.188,0.06,0.147
9/1/23 23:00,0.314,0.141,0.202,0.066,0.17
9/2/23 0:00,0.304,0.142,0.187,0.067,0.162
9/2/23 1:00,0.293,0.145,0.179,0.069,0.159
9/2/23 2:00,0.31,0.149,0.191,0.073,0.162
9/2/23 3:00,0.302,0.149,0.184,0.072,0.16
9/2/23 4:00,0.271,0.145,0.163,0.069,0.153
9/2/23 5:00,0.253,0.142,0.154,0.066,0.148
9/2/23 6:00,0.243,0.14,0.151,0.063,0.145
9/2/23 7:00,0.236,0.138,0.148,0.06,0.143
9/2/23 8:00,0.232,0.137,0.147,0.059,0.141
9/2/23 9:00,0.23,0.137,0.146,0.058,0.14
9/2/23 10:00,0.226,0.137,0.146,0.056,0.14
9/2/23 11:00,0.224,0.136,0.145,0.055,0.138
9/2/23 12:00,0.222,0.136,0.146,0.054,0.137
9/2/23 13:00,0.22,0.136,0.146,0.054,0.136
9/2/23 14:00,0.219,0.135,0.146,0.053,0.135
9/2/23 15:00,0.217,0.134,0.146,0.054,0.134
9/2/23 16:00,0.215,0.134,0.146,0.059,0.134
9/2/23 17:00,0.215,0.134,0.146,0.058,0.133
9/2/23 18:00,0.213,0.133,0.145,0.061,0.132
9/2/23 19:00,0.213,0.133,0.145,0.064,0.131
9/2/23 20:00,0.212,0.132,0.144,0.067,0.13
9/2/23 21:00,0.211,0.131,0.144,0.069,0.13
9/2/23 22:00,0.211,0.13,0.143,0.069,0.129
9/2/23 23:00,0.21,0.13,0.142,0.068,0.128
9/3/23 0:00,0.21,0.13,0.142,0.068,0.128
9/3/23 1:00,0.21,0.13,0.142,0.068,0.128
9/3/23 2:00,0.21,0.13,0.142,0.068,0.128
9/3/23 3:00,0.21,0.129,0.141,0.068,0.128
9/3/23 4:00,0.209,0.129,0.141,0.068,0.128
9/3/23 5:00,0.209,0.129,0.14,0.068,0.128
9/3/23 6:00,0.208,0.128,0.14,0.067,0.127
9/3/23 7:00,0.208,0.128,0.14,0.067,0.127
9/3/23 8:00,0.208,0.128,0.14,0.067,0.127
9/3/23 9:00,0.208,0.128,0.14,0.067,0.127
9/3/23 10:00,0.219,0.128,0.146,0.073,0.132
9/3/23 11:00,0.252,0.134,0.16,0.083,0.14
9/3/23 12:00,0.251,0.136,0.156,0.086,0.14
9/3/23 13:00,0.253,0.138,0.155,0.089,0.141
9/3/23 14:00,0.281,0.142,0.174,0.094,0.149
9/3/23 15:00,0.283,0.144,0.168,0.094,0.15
9/3/23 16:00,0.274,0.144,0.162,0.095,0.148
9/3/23 17:00,0.269,0.144,0.159,0.094,0.147
9/3/23 18:00,0.256,0.142,0.152,0.091,0.144
9/3/23 19:00,0.247,0.14,0.149,0.088,0.141
9/3/23 20:00,0.242,0.139,0.146,0.084,0.14
9/3/23 21:00,0.238,0.137,0.145,0.083,0.138
9/3/23 22:00,0.237,0.136,0.144,0.08,0.137
9/3/23 23:00,0.236,0.135,0.143,0.078,0.135
9/4/23 0:00,0.236,0.134,0.142,0.077,0.134
9/4/23 1:00,0.236,0.134,0.14,0.077,0.134
9/4/23 2:00,0.236,0.134,0.14,0.076,0.134
9/4/23 3:00,0.232,0.133,0.14,0.075,0.133
9/4/23 4:00,0.232,0.132,0.14,0.074,0.132
9/4/23 5:00,0.245,0.132,0.139,0.074,0.132
9/4/23 6:00,0.229,0.132,0.139,0.073,0.131
9/4/23 7:00,0.227,0.131,0.138,0.072,0.13
9/4/23 8:00,0.227,0.13,0.137,0.072,0.13
9/4/23 9:00,0.227,0.131,0.138,0.072,0.131
9/4/23 10:00,0.227,0.134,0.14,0.075,0.132
9/4/23 11:00,0.226,0.134,0.14,0.075,0.132
9/4/23 12:00,0.226,0.137,0.142,0.076,0.133
9/4/23 13:00,0.229,0.14,0.146,0.077,0.135
9/4/23 14:00,0.23,0.14,0.15,0.076,0.134
9/4/23 15:00,0.228,0.139,0.151,0.072,0.134
9/4/23 16:00,0.227,0.14,0.153,0.073,0.134
9/4/23 17:00,0.224,0.137,0.151,0.07,0.13
9/4/23 18:00,0.221,0.134,0.15,0.068,0.129
9/4/23 19:00,0.221,0.134,0.149,0.068,0.128
9/4/23 20:00,0.219,0.133,0.147,0.068,0.127
9/4/23 21:00,0.218,0.132,0.146,0.068,0.127
9/4/23 22:00,0.218,0.131,0.146,0.067,0.127
9/4/23 23:00,0.219,0.13,0.145,0.067,0.127
9/5/23 0:00,0.219,0.13,0.145,0.067,0.126
9/5/23 1:00,0.219,0.13,0.144,0.067,0.126
9/5/23 2:00,0.219,0.129,0.144,0.066,0.126
9/5/23 3:00,0.218,0.129,0.143,0.066,0.126
9/5/23 4:00,0.216,0.128,0.143,0.066,0.125
9/5/23 5:00,0.215,0.128,0.142,0.066,0.125
9/5/23 6:00,0.215,0.128,0.141,0.066,0.125
9/5/23 7:00,0.215,0.128,0.14,0.066,0.125
9/5/23 8:00,0.215,0.127,0.14,0.066,0.125
9/5/23 9:00,0.215,0.128,0.141,0.066,0.125
9/5/23 10:00,0.216,0.13,0.142,0.069,0.127
9/5/23 11:00,0.216,0.13,0.144,0.069,0.127
9/5/23 12:00,0.218,0.132,0.145,0.069,0.127
9/5/23 13:00,0.219,0.134,0.148,0.071,0.13
9/5/23 14:00,0.219,0.136,0.15,0.07,0.129
9/5/23 15:00,0.22,0.137,0.152,0.071,0.13
9/5/23 16:00,0.211,0.136,0.152,0.068,0.128
9/5/23 17:00,0.209,0.133,0.15,0.066,0.124
9/5/23 18:00,0.208,0.131,0.148,0.064,0.124
9/5/23 19:00,0.215,0.13,0.147,0.062,0.123
9/5/23 20:00,0.214,0.128,0.146,0.062,0.122
9/5/23 21:00,0.209,0.128,0.145,0.062,0.122
9/5/23 22:00,0.207,0.127,0.145,0.062,0.121
9/5/23 23:00,0.205,0.127,0.145,0.062,0.121
9/6/23 0:00,0.205,0.127,0.145,0.062,0.121
9/6/23 1:00,0.205,0.126,0.144,0.061,0.121
9/6/23 2:00,0.205,0.125,0.144,0.061,0.12
9/6/23 3:00,0.205,0.125,0.143,0.061,0.12
9/6/23 4:00,0.204,0.125,0.143,0.061,0.12
9/6/23 5:00,0.203,0.125,0.142,0.061,0.12
9/6/23 6:00,0.204,0.124,0.142,0.061,0.12
9/6/23 7:00,0.204,0.124,0.142,0.061,0.12
9/6/23 8:00,0.205,0.124,0.142,0.061,0.12
9/6/23 9:00,0.205,0.124,0.142,0.061,0.121
9/6/23 10:00,0.205,0.126,0.143,0.063,0.122
9/6/23 11:00,0.205,0.127,0.145,0.063,0.122
9/6/23 12:00,0.205,0.128,0.145,0.064,0.122
9/6/23 13:00,0.206,0.13,0.146,0.066,0.126
9/6/23 14:00,0.206,0.132,0.148,0.066,0.124
9/6/23 15:00,0.207,0.134,0.15,0.066,0.126
9/6/23 16:00,0.203,0.132,0.15,0.065,0.124
9/6/23 17:00,0.201,0.129,0.148,0.062,0.12
9/6/23 18:00,0.198,0.127,0.145,0.06,0.119
9/6/23 19:00,0.206,0.126,0.144,0.059,0.117
9/6/23 20:00,0.206,0.124,0.143,0.058,0.117
9/6/23 21:00,0.21,0.123,0.142,0.057,0.117
9/6/23 22:00,0.198,0.123,0.141,0.057,0.117
9/6/23 23:00,0.193,0.123,0.14,0.056,0.116
9/7/23 0:00,0.192,0.122,0.14,0.056,0.116
9/7/23 1:00,0.192,0.122,0.14,0.056,0.116
9/7/23 2:00,0.194,0.122,0.14,0.056,0.116
9/7/23 3:00,0.194,0.121,0.14,0.056,0.116
9/7/23 4:00,0.194,0.12,0.14,0.056,0.116
9/7/23 5:00,0.196,0.12,0.14,0.056,0.115
9/7/23 6:00,0.203,0.12,0.14,0.056,0.115
9/7/23 7:00,0.196,0.12,0.14,0.056,0.115
9/7/23 8:00,0.196,0.12,0.14,0.056,0.116
9/7/23 9:00,0.197,0.12,0.14,0.057,0.116
9/7/23 10:00,0.198,0.122,0.14,0.059,0.117
9/7/23 11:00,0.198,0.123,0.141,0.059,0.118
9/7/23 12:00,0.198,0.124,0.143,0.06,0.118
9/7/23 13:00,0.199,0.127,0.144,0.062,0.123
9/7/23 14:00,0.199,0.128,0.145,0.062,0.122
9/7/23 15:00,0.2,0.13,0.147,0.063,0.123
9/7/23 16:00,0.196,0.128,0.147,0.062,0.121
9/7/23 17:00,0.194,0.126,0.145,0.06,0.117
9/7/23 18:00,0.191,0.123,0.142,0.056,0.116
9/7/23 19:00,0.193,0.123,0.14,0.054,0.114
9/7/23 20:00,0.193,0.122,0.14,0.054,0.113
9/7/23 21:00,0.191,0.12,0.139,0.054,0.113
9/7/23 22:00,0.19,0.12,0.139,0.054,0.112
9/7/23 23:00,0.188,0.119,0.137,0.053,0.112
9/8/23 0:00,0.188,0.118,0.137,0.053,0.112
9/8/23 1:00,0.187,0.118,0.137,0.052,0.112
9/8/23 2:00,0.187,0.118,0.137,0.052,0.111
9/8/23 3:00,0.186,0.117,0.137,0.052,0.111
9/8/23 4:00,0.188,0.117,0.137,0.052,0.111
9/8/23 5:00,0.193,0.117,0.137,0.052,0.111
9/8/23 6:00,0.222,0.117,0.137,0.052,0.111
9/8/23 7:00,0.229,0.117,0.137,0.052,0.111
9/8/23 8:00,0.225,0.117,0.137,0.052,0.111
9/8/23 9:00,0.22,0.117,0.138,0.054,0.112
9/8/23 10:00,0.191,0.118,0.139,0.055,0.113
9/8/23 11:00,0.185,0.119,0.14,0.055,0.114
9/8/23 12:00,0.183,0.121,0.14,0.056,0.114
9/8/23 13:00,0.188,0.123,0.14,0.059,0.118
9/8/23 14:00,0.191,0.125,0.141,0.059,0.117
9/8/23 15:00,0.191,0.127,0.144,0.06,0.12
9/8/23 16:00,0.187,0.125,0.145,0.059,0.118
9/8/23 17:00,0.185,0.123,0.142,0.057,0.113
9/8/23 18:00,0.182,0.121,0.14,0.054,0.111
9/8/23 19:00,0.188,0.119,0.138,0.054,0.11
9/8/23 20:00,0.205,0.118,0.137,0.053,0.11
9/8/23 21:00,0.198,0.117,0.135,0.053,0.109
9/8/23 22:00,0.181,0.117,0.134,0.052,0.108
9/8/23 23:00,0.179,0.116,0.134,0.051,0.108
9/9/23 0:00,0.178,0.115,0.134,0.051,0.108
9/9/23 1:00,0.178,0.115,0.134,0.051,0.108
9/9/23 2:00,0.179,0.115,0.134,0.051,0.108
9/9/23 3:00,0.178,0.114,0.134,0.051,0.108
9/9/23 4:00,0.178,0.114,0.134,0.051,0.108
9/9/23 5:00,0.178,0.114,0.134,0.051,0.108
9/9/23 6:00,0.178,0.114,0.134,0.052,0.109
9/9/23 7:00,0.178,0.114,0.134,0.052,0.109
9/9/23 8:00,0.178,0.114,0.134,0.052,0.109
9/9/23 9:00,0.179,0.114,0.134,0.053,0.11
9/9/23 10:00,0.179,0.116,0.135,0.054,0.111
9/9/23 11:00,0.179,0.117,0.136,0.054,0.111
9/9/23 12:00,0.181,0.118,0.136,0.055,0.111
9/9/23 13:00,0.183,0.121,0.137,0.058,0.116
9/9/23 14:00,0.184,0.122,0.139,0.057,0.115
9/9/23 15:00,0.185,0.123,0.14,0.059,0.117
9/9/23 16:00,0.182,0.121,0.141,0.057,0.115
9/9/23 17:00,0.178,0.119,0.139,0.055,0.111
9/9/23 18:00,0.174,0.117,0.136,0.052,0.109
9/9/23 19:00,0.177,0.116,0.134,0.052,0.107
9/9/23 20:00,0.193,0.115,0.134,0.052,0.106
9/9/23 21:00,0.202,0.113,0.133,0.052,0.106
9/9/23 22:00,0.175,0.113,0.132,0.051,0.105
9/9/23 23:00,0.174,0.113,0.131,0.05,0.105
9/10/23 0:00,0.173,0.112,0.13,0.05,0.105
9/10/23 1:00,0.172,0.111,0.13,0.05,0.105
9/10/23 2:00,0.172,0.111,0.13,0.05,0.105
9/10/23 3:00,0.173,0.111,0.13,0.05,0.105
9/10/23 4:00,0.172,0.111,0.13,0.05,0.105
9/10/23 5:00,0.172,0.111,0.13,0.05,0.105
9/10/23 6:00,0.173,0.111,0.13,0.05,0.105
9/10/23 7:00,0.173,0.11,0.13,0.05,0.105
9/10/23 8:00,0.174,0.11,0.13,0.05,0.105
9/10/23 9:00,0.174,0.111,0.131,0.051,0.106
9/10/23 10:00,0.175,0.112,0.132,0.053,0.107
9/10/23 11:00,0.174,0.113,0.133,0.054,0.108
9/10/23 12:00,0.175,0.115,0.134,0.054,0.109
9/10/23 13:00,0.177,0.117,0.134,0.057,0.112
9/10/23 14:00,0.179,0.119,0.136,0.058,0.112
9/10/23 15:00,0.179,0.121,0.14,0.059,0.115
9/10/23 16:00,0.177,0.119,0.14,0.057,0.112
9/10/23 17:00,0.174,0.117,0.137,0.056,0.108
9/10/23 18:00,0.172,0.115,0.134,0.054,0.106
9/10/23 19:00,0.184,0.113,0.133,0.052,0.105
9/10/23 20:00,0.185,0.112,0.131,0.05,0.104
9/10/23 21:00,0.172,0.111,0.13,0.049,0.103
9/10/23 22:00,0.168,0.111,0.129,0.049,0.103
9/10/23 23:00,0.167,0.11,0.128,0.049,0.103
9/11/23 0:00,0.166,0.11,0.128,0.048,0.103
9/11/23 1:00,0.166,0.109,0.128,0.048,0.102
9/11/23 2:00,0.167,0.109,0.127,0.048,0.102
9/11/23 3:00,0.168,0.108,0.127,0.048,0.102
9/11/23 4:00,0.168,0.108,0.127,0.048,0.102
9/11/23 5:00,0.167,0.108,0.127,0.047,0.102
9/11/23 6:00,0.167,0.108,0.127,0.047,0.102
9/11/23 7:00,0.168,0.107,0.127,0.047,0.102
9/11/23 8:00,0.166,0.107,0.127,0.048,0.103
9/11/23 9:00,0.167,0.108,0.128,0.049,0.103
9/11/23 10:00,0.168,0.109,0.129,0.05,0.105
9/11/23 11:00,0.168,0.11,0.13,0.051,0.105
9/11/23 12:00,0.168,0.111,0.13,0.052,0.106
9/11/23 13:00,0.169,0.115,0.131,0.054,0.11
9/11/23 14:00,0.17,0.117,0.134,0.055,0.109
9/11/23 15:00,0.173,0.117,0.136,0.057,0.111
9/11/23 16:00,0.172,0.116,0.137,0.055,0.111
9/11/23 17:00,0.168,0.114,0.134,0.054,0.105
9/11/23 18:00,0.165,0.112,0.132,0.05,0.104
9/11/23 19:00,0.182,0.111,0.13,0.049,0.102
9/11/23 20:00,0.165,0.11,0.128,0.048,0.101
9/11/23 21:00,0.168,0.108,0.127,0.047,0.1
9/11/23 22:00,0.162,0.107,0.126,0.045,0.1
9/11/23 23:00,0.16,0.106,0.125,0.045,0.1
9/12/23 0:00,0.16,0.106,0.125,0.045,0.1
9/12/23 1:00,0.159,0.105,0.125,0.044,0.1
9/12/23 2:00,0.164,0.105,0.125,0.044,0.1
9/12/23 3:00,0.163,0.105,0.125,0.043,0.099
9/12/23 4:00,0.162,0.105,0.125,0.043,0.099
9/12/23 5:00,0.193,0.105,0.125,0.043,0.099
9/12/23 6:00,0.188,0.105,0.125,0.043,0.099
9/12/23 7:00,0.156,0.105,0.126,0.043,0.099
9/12/23 8:00,0.155,0.105,0.126,0.043,0.1
9/12/23 9:00,0.156,0.105,0.127,0.044,0.1
9/12/23 10:00,0.157,0.106,0.128,0.046,0.101
9/12/23 11:00,0.157,0.106,0.128,0.047,0.102
9/12/23 12:00,0.157,0.108,0.128,0.049,0.103
9/12/23 13:00,0.163,0.111,0.129,0.051,0.107
9/12/23 14:00,0.166,0.113,0.132,0.053,0.107
9/12/23 15:00,0.169,0.114,0.134,0.054,0.11
9/12/23 16:00,0.169,0.113,0.135,0.052,0.108
9/12/23 17:00,0.164,0.111,0.133,0.051,0.104
9/12/23 18:00,0.162,0.109,0.13,0.049,0.101
9/12/23 19:00,0.168,0.107,0.128,0.047,0.1
9/12/23 20:00,0.168,0.106,0.127,0.045,0.099
9/12/23 21:00,0.162,0.105,0.126,0.044,0.098
9/12/23 22:00,0.159,0.105,0.125,0.043,0.098
9/12/23 23:00,0.16,0.105,0.124,0.043,0.097
9/13/23 0:00,0.157,0.104,0.123,0.042,0.097
9/13/23 1:00,0.156,0.103,0.123,0.042,0.097
9/13/23 2:00,0.157,0.103,0.123,0.042,0.097
9/13/23 3:00,0.157,0.103,0.123,0.042,0.097
9/13/23 4:00,0.158,0.102,0.123,0.042,0.096
9/13/23 5:00,0.156,0.102,0.123,0.042,0.096
9/13/23 6:00,0.156,0.102,0.123,0.042,0.096
9/13/23 7:00,0.154,0.101,0.123,0.042,0.096
9/13/23 8:00,0.154,0.101,0.123,0.042,0.096
9/13/23 9:00,0.154,0.102,0.123,0.042,0.097
9/13/23 10:00,0.156,0.103,0.124,0.043,0.099
9/13/23 11:00,0.156,0.103,0.125,0.043,0.1
9/13/23 12:00,0.157,0.105,0.126,0.045,0.1
9/13/23 13:00,0.158,0.109,0.127,0.048,0.105
9/13/23 14:00,0.161,0.111,0.129,0.049,0.105
9/13/23 15:00,0.162,0.111,0.132,0.05,0.106
9/13/23 16:00,0.162,0.11,0.133,0.049,0.105
9/13/23 17:00,0.16,0.109,0.13,0.048,0.101
9/13/23 18:00,0.155,0.106,0.128,0.045,0.1
9/13/23 19:00,0.166,0.105,0.126,0.043,0.098
9/13/23 20:00,0.165,0.104,0.124,0.043,0.097
9/13/23 21:00,0.162,0.103,0.123,0.042,0.096
9/13/23 22:00,0.152,0.102,0.123,0.041,0.095
9/13/23 23:00,0.153,0.101,0.122,0.04,0.094
9/14/23 0:00,0.151,0.101,0.122,0.04,0.094
9/14/23 1:00,0.15,0.101,0.121,0.04,0.094
9/14/23 2:00,0.149,0.1,0.121,0.04,0.094
9/14/23 3:00,0.149,0.1,0.12,0.04,0.094
9/14/23 4:00,0.149,0.1,0.12,0.039,0.094
9/14/23 5:00,0.149,0.1,0.12,0.039,0.094
9/14/23 6:00,0.149,0.1,0.12,0.039,0.094
9/14/23 7:00,0.149,0.1,0.12,0.039,0.094
9/14/23 8:00,0.149,0.1,0.12,0.039,0.094
9/14/23 9:00,0.149,0.1,0.12,0.04,0.095
9/14/23 10:00,0.151,0.1,0.121,0.041,0.096
9/14/23 11:00,0.151,0.101,0.122,0.041,0.097
9/14/23 12:00,0.151,0.103,0.123,0.042,0.098
9/14/23 13:00,0.151,0.105,0.124,0.045,0.102
9/14/23 14:00,0.154,0.107,0.126,0.047,0.102
9/14/23 15:00,0.17,0.108,0.128,0.048,0.104
9/14/23 16:00,0.156,0.107,0.129,0.046,0.102
9/14/23 17:00,0.151,0.106,0.128,0.046,0.099
9/14/23 18:00,0.146,0.104,0.126,0.043,0.098
9/14/23 19:00,0.145,0.103,0.123,0.042,0.096
9/14/23 20:00,0.16,0.101,0.123,0.04,0.094
9/14/23 21:00,0.157,0.1,0.121,0.039,0.093
9/14/23 22:00,0.147,0.1,0.12,0.038,0.093
9/14/23 23:00,0.148,0.099,0.119,0.038,0.092
9/15/23 0:00,0.149,0.098,0.118,0.038,0.092
9/15/23 1:00,0.145,0.098,0.118,0.037,0.091
9/15/23 2:00,0.145,0.097,0.117,0.037,0.091
9/15/23 3:00,0.144,0.097,0.117,0.037,0.091
9/15/23 4:00,0.144,0.096,0.117,0.036,0.091
9/15/23 5:00,0.144,0.096,0.117,0.036,0.091
9/15/23 6:00,0.146,0.096,0.117,0.035,0.091
9/15/23 7:00,0.144,0.096,0.117,0.035,0.09
9/15/23 8:00,0.144,0.095,0.117,0.035,0.09
9/15/23 9:00,0.144,0.096,0.117,0.036,0.091
9/15/23 10:00,0.145,0.096,0.119,0.037,0.093
9/15/23 11:00,0.144,0.097,0.119,0.038,0.094
9/15/23 12:00,0.143,0.1,0.12,0.039,0.094
9/15/23 13:00,0.143,0.103,0.122,0.042,0.1
9/15/23 14:00,0.147,0.105,0.124,0.044,0.1
9/15/23 15:00,0.149,0.105,0.125,0.044,0.1
9/15/23 16:00,0.148,0.103,0.125,0.043,0.099
9/15/23 17:00,0.144,0.102,0.123,0.042,0.096
9/15/23 18:00,0.141,0.101,0.123,0.04,0.095
9/15/23 19:00,0.141,0.1,0.122,0.039,0.094
9/15/23 20:00,0.159,0.098,0.12,0.038,0.092
9/15/23 21:00,0.144,0.097,0.118,0.037,0.091
9/15/23 22:00,0.143,0.096,0.117,0.036,0.09
9/15/23 23:00,0.142,0.096,0.117,0.035,0.089
9/16/23 0:00,0.141,0.095,0.117,0.035,0.089
9/16/23 1:00,0.14,0.094,0.116,0.034,0.089
9/16/23 2:00,0.14,0.094,0.115,0.033,0.089
9/16/23 3:00,0.14,0.094,0.115,0.033,0.089
9/16/23 4:00,0.14,0.093,0.115,0.033,0.089
9/16/23 5:00,0.141,0.093,0.115,0.032,0.088
9/16/23 6:00,0.137,0.093,0.115,0.032,0.089
9/16/23 7:00,0.137,0.093,0.115,0.032,0.088
9/16/23 8:00,0.138,0.093,0.115,0.032,0.088
9/16/23 9:00,0.139,0.093,0.115,0.033,0.089
9/16/23 10:00,0.14,0.094,0.117,0.034,0.089
9/16/23 11:00,0.14,0.094,0.117,0.035,0.091
9/16/23 12:00,0.14,0.097,0.118,0.037,0.093
9/16/23 13:00,0.139,0.098,0.119,0.038,0.094
9/16/23 14:00,0.14,0.099,0.12,0.038,0.094
9/16/23 15:00,0.138,0.097,0.119,0.038,0.093
9/16/23 16:00,0.141,0.096,0.118,0.037,0.093
9/16/23 17:00,0.142,0.097,0.12,0.038,0.093
9/16/23 18:00,0.14,0.096,0.118,0.037,0.092
9/16/23 19:00,0.14,0.095,0.118,0.036,0.091
9/16/23 20:00,0.139,0.094,0.117,0.035,0.09
9/16/23 21:00,0.137,0.094,0.116,0.034,0.089
9/16/23 22:00,0.136,0.093,0.116,0.033,0.089
9/16/23 23:00,0.136,0.093,0.115,0.032,0.089
9/17/23 0:00,0.136,0.092,0.114,0.032,0.089
9/17/23 1:00,0.137,0.091,0.113,0.032,0.089
9/17/23 2:00,0.137,0.091,0.113,0.032,0.088
9/17/23 3:00,0.138,0.09,0.113,0.032,0.088
9/17/23 4:00,0.137,0.09,0.113,0.032,0.088
9/17/23 5:00,0.137,0.09,0.113,0.031,0.088
9/17/23 6:00,0.136,0.089,0.113,0.031,0.088
9/17/23 7:00,0.14,0.089,0.113,0.031,0.088
9/17/23 8:00,0.156,0.089,0.113,0.031,0.088
9/17/23 9:00,0.147,0.089,0.113,0.032,0.089
9/17/23 10:00,0.147,0.091,0.115,0.032,0.089
9/17/23 11:00,0.135,0.092,0.116,0.033,0.091
9/17/23 12:00,0.135,0.094,0.117,0.035,0.092
9/17/23 13:00,0.136,0.096,0.118,0.037,0.094
9/17/23 14:00,0.141,0.098,0.12,0.039,0.096
9/17/23 15:00,0.145,0.1,0.123,0.041,0.1
9/17/23 16:00,0.145,0.099,0.123,0.04,0.097
9/17/23 17:00,0.141,0.098,0.123,0.038,0.094
9/17/23 18:00,0.137,0.096,0.12,0.036,0.092
9/17/23 19:00,0.14,0.094,0.118,0.035,0.09
9/17/23 20:00,0.143,0.093,0.117,0.033,0.089
9/17/23 21:00,0.138,0.092,0.116,0.032,0.088
9/17/23 22:00,0.137,0.091,0.115,0.032,0.087
9/17/23 23:00,0.135,0.091,0.113,0.031,0.086
9/18/23 0:00,0.134,0.09,0.113,0.031,0.086
9/18/23 1:00,0.134,0.089,0.112,0.03,0.086
9/18/23 2:00,0.134,0.089,0.112,0.03,0.085
9/18/23 3:00,0.138,0.089,0.111,0.029,0.085
9/18/23 4:00,0.133,0.089,0.111,0.029,0.085
9/18/23 5:00,0.13,0.088,0.111,0.028,0.085
9/18/23 6:00,0.13,0.088,0.111,0.028,0.084
9/18/23 7:00,0.131,0.088,0.111,0.028,0.084
9/18/23 8:00,0.131,0.088,0.111,0.028,0.084
9/18/23 9:00,0.132,0.088,0.111,0.028,0.085
9/18/23 10:00,0.133,0.089,0.113,0.03,0.086
9/18/23 11:00,0.134,0.089,0.113,0.031,0.087
9/18/23 12:00,0.135,0.092,0.115,0.032,0.088
9/18/23 13:00,0.134,0.094,0.116,0.034,0.093
9/18/23 14:00,0.134,0.096,0.118,0.037,0.094
9/18/23 15:00,0.139,0.097,0.122,0.038,0.097
9/18/23 16:00,0.138,0.095,0.121,0.036,0.094
9/18/23 17:00,0.134,0.094,0.12,0.035,0.091
9/18/23 18:00,0.13,0.093,0.118,0.033,0.089
9/18/23 19:00,0.139,0.092,0.117,0.032,0.088
9/18/23 20:00,0.137,0.091,0.116,0.031,0.087
9/18/23 21:00,0.14,0.089,0.114,0.03,0.086
9/18/23 22:00,0.135,0.089,0.113,0.029,0.085
9/18/23 23:00,0.132,0.089,0.112,0.028,0.084
9/19/23 0:00,0.131,0.088,0.111,0.028,0.083
9/19/23 1:00,0.13,0.088,0.111,0.028,0.083
9/19/23 2:00,0.129,0.087,0.11,0.027,0.083
9/19/23 3:00,0.15,0.086,0.11,0.027,0.083
9/19/23 4:00,0.141,0.086,0.109,0.026,0.083
9/19/23 5:00,0.131,0.086,0.109,0.026,0.083
9/19/23 6:00,0.126,0.085,0.109,0.026,0.083
9/19/23 7:00,0.127,0.085,0.109,0.026,0.083
9/19/23 8:00,0.127,0.084,0.109,0.026,0.083
9/19/23 9:00,0.127,0.085,0.11,0.026,0.083
9/19/23 10:00,0.128,0.086,0.111,0.027,0.083
9/19/23 11:00,0.128,0.086,0.111,0.028,0.084
9/19/23 12:00,0.131,0.089,0.112,0.029,0.086
9/19/23 13:00,0.127,0.092,0.114,0.032,0.09
9/19/23 14:00,0.128,0.093,0.117,0.033,0.091
9/19/23 15:00,0.135,0.094,0.119,0.035,0.094
9/19/23 16:00,0.138,0.093,0.121,0.033,0.093
9/19/23 17:00,0.13,0.091,0.119,0.032,0.089
9/19/23 18:00,0.129,0.089,0.117,0.031,0.087
9/19/23 19:00,0.134,0.089,0.115,0.029,0.085
9/19/23 20:00,0.132,0.088,0.113,0.028,0.084
9/19/23 21:00,0.132,0.087,0.112,0.027,0.083
9/19/23 22:00,0.129,0.086,0.111,0.026,0.083
9/19/23 23:00,0.128,0.086,0.11,0.026,0.082
9/20/23 0:00,0.129,0.085,0.11,0.026,0.081
9/20/23 1:00,0.127,0.084,0.109,0.025,0.081
9/20/23 2:00,0.129,0.084,0.108,0.025,0.081
9/20/23 3:00,0.126,0.083,0.108,0.025,0.08
9/20/23 4:00,0.124,0.083,0.107,0.025,0.08
9/20/23 5:00,0.124,0.083,0.106,0.025,0.08
9/20/23 6:00,0.128,0.083,0.106,0.024,0.079
9/20/23 7:00,0.124,0.083,0.106,0.024,0.079
9/20/23 8:00,0.123,0.083,0.106,0.024,0.079
9/20/23 9:00,0.123,0.083,0.106,0.024,0.08
9/20/23 10:00,0.125,0.083,0.108,0.025,0.082
9/20/23 11:00,0.125,0.083,0.109,0.025,0.083
9/20/23 12:00,0.126,0.086,0.11,0.026,0.083
9/20/23 13:00,0.126,0.089,0.111,0.029,0.088
9/20/23 14:00,0.127,0.089,0.113,0.031,0.088
9/20/23 15:00,0.128,0.09,0.116,0.032,0.091
9/20/23 16:00,0.13,0.089,0.117,0.03,0.089
9/20/23 17:00,0.127,0.088,0.115,0.029,0.086
9/20/23 18:00,0.136,0.086,0.113,0.027,0.084
9/20/23 19:00,0.133,0.085,0.111,0.026,0.083
9/20/23 20:00,0.128,0.084,0.11,0.025,0.081
9/20/23 21:00,0.124,0.084,0.11,0.025,0.081
9/20/23 22:00,0.122,0.083,0.109,0.025,0.08
9/20/23 23:00,0.122,0.083,0.108,0.024,0.079
9/21/23 0:00,0.12,0.083,0.106,0.023,0.079
9/21/23 1:00,0.12,0.082,0.106,0.023,0.078
9/21/23 2:00,0.12,0.081,0.106,0.022,0.078
9/21/23 3:00,0.12,0.081,0.106,0.022,0.077
9/21/23 4:00,0.12,0.081,0.106,0.022,0.077
9/21/23 5:00,0.12,0.081,0.106,0.022,0.078
9/21/23 6:00,0.12,0.081,0.106,0.022,0.078
9/21/23 7:00,0.12,0.081,0.106,0.022,0.078
9/21/23 8:00,0.12,0.081,0.106,0.023,0.079
9/21/23 9:00,0.121,0.081,0.106,0.023,0.079
9/21/23 10:00,0.122,0.082,0.106,0.023,0.079
9/21/23 11:00,0.123,0.083,0.108,0.024,0.081
9/21/23 12:00,0.123,0.083,0.108,0.025,0.081
9/21/23 13:00,0.123,0.084,0.108,0.025,0.082
9/21/23 14:00,0.124,0.085,0.11,0.027,0.083
9/21/23 15:00,0.126,0.086,0.111,0.027,0.085
9/21/23 16:00,0.128,0.085,0.112,0.026,0.085
9/21/23 17:00,0.126,0.084,0.111,0.026,0.083
9/21/23 18:00,0.123,0.083,0.11,0.025,0.081
9/21/23 19:00,0.121,0.083,0.107,0.024,0.079
9/21/23 20:00,0.12,0.082,0.106,0.023,0.077
9/21/23 21:00,0.119,0.081,0.105,0.022,0.077
9/21/23 22:00,0.119,0.081,0.105,0.022,0.077
9/21/23 23:00,0.118,0.079,0.105,0.021,0.076
9/22/23 0:00,0.117,0.079,0.104,0.021,0.076
9/22/23 1:00,0.118,0.079,0.103,0.021,0.075
9/22/23 2:00,0.118,0.079,0.103,0.021,0.075
9/22/23 3:00,0.117,0.078,0.103,0.02,0.074
9/22/23 4:00,0.116,0.077,0.103,0.02,0.074
9/22/23 5:00,0.116,0.077,0.103,0.02,0.074
9/22/23 6:00,0.146,0.077,0.103,0.02,0.074
9/22/23 7:00,0.151,0.077,0.102,0.019,0.073
9/22/23 8:00,0.123,0.077,0.101,0.019,0.073
9/22/23 9:00,0.113,0.077,0.101,0.019,0.073
9/22/23 10:00,0.115,0.077,0.102,0.02,0.075
9/22/23 11:00,0.116,0.077,0.102,0.021,0.076
9/22/23 12:00,0.115,0.081,0.103,0.022,0.077
9/22/23 13:00,0.117,0.083,0.109,0.025,0.082
9/22/23 14:00,0.121,0.085,0.111,0.026,0.082
9/22/23 15:00,0.123,0.086,0.115,0.027,0.085
9/22/23 16:00,0.124,0.084,0.117,0.026,0.084
9/22/23 17:00,0.126,0.083,0.114,0.025,0.081
9/22/23 18:00,0.123,0.082,0.112,0.024,0.079
9/22/23 19:00,0.12,0.081,0.111,0.023,0.077
9/22/23 20:00,0.117,0.08,0.11,0.021,0.076
9/22/23 21:00,0.117,0.079,0.108,0.021,0.076
9/22/23 22:00,0.115,0.079,0.106,0.021,0.074
9/22/23 23:00,0.115,0.078,0.105,0.02,0.074
9/23/23 0:00,0.113,0.077,0.103,0.02,0.073
9/23/23 1:00,0.111,0.077,0.102,0.019,0.072
9/23/23 2:00,0.11,0.077,0.101,0.019,0.072
9/23/23 3:00,0.111,0.076,0.101,0.018,0.072
9/23/23 4:00,0.12,0.076,0.101,0.018,0.072
9/23/23 5:00,0.11,0.076,0.1,0.018,0.071
9/23/23 6:00,0.108,0.076,0.099,0.018,0.071
9/23/23 7:00,0.108,0.075,0.098,0.018,0.071
9/23/23 8:00,0.108,0.075,0.097,0.017,0.07
9/23/23 9:00,0.108,0.075,0.096,0.018,0.071
9/23/23 10:00,0.11,0.076,0.098,0.018,0.072
9/23/23 11:00,0.111,0.076,0.098,0.02,0.072
9/23/23 12:00,0.112,0.079,0.099,0.021,0.073
9/23/23 13:00,0.115,0.082,0.106,0.023,0.078
9/23/23 14:00,0.117,0.083,0.108,0.026,0.079
9/23/23 15:00,0.115,0.084,0.112,0.026,0.083
9/23/23 16:00,0.117,0.083,0.114,0.025,0.082
9/23/23 17:00,0.121,0.082,0.111,0.024,0.078
9/23/23 18:00,0.123,0.08,0.11,0.022,0.077
9/23/23 19:00,0.117,0.079,0.108,0.021,0.075
9/23/23 20:00,0.114,0.078,0.106,0.02,0.074
9/23/23 21:00,0.112,0.077,0.104,0.02,0.072
9/23/23 22:00,0.111,0.077,0.103,0.019,0.072
9/23/23 23:00,0.11,0.076,0.102,0.018,0.072
9/24/23 0:00,0.11,0.076,0.101,0.018,0.071
9/24/23 1:00,0.11,0.076,0.1,0.018,0.071
9/24/23 2:00,0.111,0.075,0.1,0.018,0.07
9/24/23 3:00,0.109,0.075,0.099,0.018,0.069
9/24/23 4:00,0.111,0.074,0.098,0.017,0.069
9/24/23 5:00,0.11,0.074,0.098,0.017,0.069
9/24/23 6:00,0.109,0.074,0.096,0.017,0.069
9/24/23 7:00,0.108,0.073,0.096,0.016,0.069
9/24/23 8:00,0.106,0.072,0.096,0.016,0.068
9/24/23 9:00,0.107,0.073,0.097,0.017,0.069
9/24/23 10:00,0.109,0.074,0.098,0.018,0.071
9/24/23 11:00,0.11,0.075,0.099,0.018,0.072
9/24/23 12:00,0.111,0.077,0.1,0.02,0.072
9/24/23 13:00,0.114,0.08,0.105,0.022,0.077
9/24/23 14:00,0.117,0.082,0.106,0.024,0.077
9/24/23 15:00,0.115,0.083,0.111,0.024,0.082
9/24/23 16:00,0.117,0.081,0.112,0.023,0.08
9/24/23 17:00,0.119,0.079,0.11,0.021,0.077
9/24/23 18:00,0.118,0.078,0.108,0.021,0.075
9/24/23 19:00,0.117,0.077,0.106,0.02,0.073
9/24/23 20:00,0.113,0.076,0.105,0.019,0.072
9/24/23 21:00,0.111,0.076,0.104,0.018,0.071
9/24/23 22:00,0.111,0.076,0.102,0.018,0.07
9/24/23 23:00,0.109,0.075,0.101,0.017,0.069
9/25/23 0:00,0.108,0.074,0.1,0.017,0.069
9/25/23 1:00,0.108,0.074,0.1,0.016,0.068
9/25/23 2:00,0.11,0.073,0.1,0.016,0.068
9/25/23 3:00,0.109,0.073,0.098,0.016,0.067
9/25/23 4:00,0.106,0.072,0.098,0.016,0.067
9/25/23 5:00,0.113,0.072,0.097,0.016,0.067
9/25/23 6:00,0.107,0.072,0.096,0.015,0.067
9/25/23 7:00,0.104,0.072,0.096,0.015,0.067
9/25/23 8:00,0.103,0.072,0.096,0.016,0.067
9/25/23 9:00,0.104,0.072,0.096,0.016,0.067
9/25/23 10:00,0.105,0.072,0.097,0.016,0.068
9/25/23 11:00,0.106,0.073,0.098,0.017,0.069
9/25/23 12:00,0.105,0.076,0.1,0.019,0.071
9/25/23 13:00,0.111,0.077,0.102,0.021,0.075
9/25/23 14:00,0.114,0.078,0.104,0.022,0.075
9/25/23 15:00,0.114,0.079,0.106,0.021,0.078
9/25/23 16:00,0.116,0.078,0.107,0.021,0.077
9/25/23 17:00,0.117,0.077,0.105,0.02,0.074
9/25/23 18:00,0.116,0.076,0.104,0.019,0.072
9/25/23 19:00,0.113,0.075,0.102,0.018,0.071
9/25/23 20:00,0.11,0.074,0.101,0.017,0.07
9/25/23 21:00,0.109,0.073,0.1,0.016,0.069
9/25/23 22:00,0.108,0.072,0.1,0.016,0.068
9/25/23 23:00,0.107,0.072,0.099,0.016,0.067
9/26/23 0:00,0.106,0.072,0.097,0.015,0.066
9/26/23 1:00,0.105,0.072,0.096,0.015,0.066
9/26/23 2:00,0.105,0.072,0.096,0.015,0.066
9/26/23 3:00,0.105,0.071,0.096,0.015,0.066
9/26/23 4:00,0.113,0.071,0.095,0.015,0.066
9/26/23 5:00,0.105,0.071,0.094,0.015,0.065
9/26/23 6:00,0.101,0.071,0.094,0.015,0.065
9/26/23 7:00,0.101,0.071,0.094,0.015,0.066
9/26/23 8:00,0.102,0.071,0.095,0.015,0.066
9/26/23 9:00,0.103,0.072,0.096,0.015,0.066
9/26/23 10:00,0.105,0.072,0.096,0.016,0.068
9/26/23 11:00,0.105,0.072,0.098,0.017,0.069
9/26/23 12:00,0.103,0.075,0.099,0.018,0.07
9/26/23 13:00,0.109,0.077,0.102,0.02,0.074
9/26/23 14:00,0.112,0.077,0.103,0.021,0.074
9/26/23 15:00,0.112,0.078,0.105,0.021,0.077
9/26/23 16:00,0.116,0.077,0.106,0.02,0.077
9/26/23 17:00,0.115,0.076,0.105,0.018,0.073
9/26/23 18:00,0.117,0.074,0.103,0.018,0.071
9/26/23 19:00,0.115,0.074,0.102,0.017,0.07
9/26/23 20:00,0.11,0.072,0.1,0.016,0.069
9/26/23 21:00,0.105,0.072,0.1,0.016,0.068
9/26/23 22:00,0.105,0.072,0.099,0.015,0.067
9/26/23 23:00,0.103,0.072,0.098,0.015,0.066
9/27/23 0:00,0.103,0.071,0.097,0.015,0.066
9/27/23 1:00,0.102,0.07,0.096,0.015,0.066
9/27/23 2:00,0.101,0.07,0.095,0.015,0.065
9/27/23 3:00,0.101,0.069,0.094,0.014,0.065
9/27/23 4:00,0.101,0.069,0.094,0.014,0.064
9/27/23 5:00,0.102,0.069,0.094,0.014,0.064
9/27/23 6:00,0.109,0.068,0.094,0.013,0.063
9/27/23 7:00,0.101,0.068,0.093,0.013,0.063
9/27/23 8:00,0.1,0.068,0.093,0.013,0.063
9/27/23 9:00,0.1,0.068,0.093,0.013,0.063
9/27/23 10:00,0.102,0.069,0.094,0.014,0.065
9/27/23 11:00,0.107,0.069,0.094,0.015,0.066
9/27/23 12:00,0.102,0.072,0.095,0.016,0.067
9/27/23 13:00,0.102,0.073,0.097,0.018,0.074
9/27/23 14:00,0.105,0.073,0.099,0.019,0.074
9/27/23 15:00,0.104,0.074,0.103,0.019,0.078
9/27/23 16:00,0.106,0.072,0.105,0.018,0.077
9/27/23 17:00,0.105,0.071,0.105,0.016,0.072
9/27/23 18:00,0.103,0.07,0.103,0.016,0.071
9/27/23 19:00,0.1,0.069,0.1,0.015,0.069
9/27/23 20:00,0.099,0.069,0.096,0.015,0.068
9/27/23 21:00,0.097,0.068,0.092,0.015,0.067
9/27/23 22:00,0.095,0.067,0.089,0.014,0.066
9/27/23 23:00,0.094,0.067,0.087,0.014,0.066
9/28/23 0:00,0.094,0.066,0.086,0.013,0.066
9/28/23 1:00,0.093,0.066,0.085,0.013,0.066
9/28/23 2:00,0.093,0.066,0.084,0.013,0.065
9/28/23 3:00,0.092,0.066,0.083,0.013,0.065
9/28/23 4:00,0.091,0.066,0.083,0.012,0.065
9/28/23 5:00,0.091,0.066,0.083,0.012,0.064
9/28/23 6:00,0.09,0.066,0.083,0.012,0.064
9/28/23 7:00,0.089,0.065,0.082,0.011,0.064
9/28/23 8:00,0.089,0.065,0.082,0.011,0.064
9/28/23 9:00,0.09,0.065,0.082,0.011,0.065
9/28/23 10:00,0.092,0.066,0.083,0.013,0.066
9/28/23 11:00,0.093,0.066,0.084,0.013,0.067
9/28/23 12:00,0.094,0.068,0.086,0.014,0.068
9/28/23 13:00,0.096,0.07,0.093,0.016,0.072
9/28/23 14:00,0.1,0.072,0.094,0.017,0.072
9/28/23 15:00,0.101,0.072,0.095,0.017,0.075
9/28/23 16:00,0.104,0.072,0.096,0.016,0.074
9/28/23 17:00,0.105,0.071,0.096,0.015,0.071
9/28/23 18:00,0.106,0.069,0.096,0.015,0.068
9/28/23 19:00,0.104,0.068,0.094,0.014,0.066
9/28/23 20:00,0.099,0.068,0.092,0.013,0.066
9/28/23 21:00,0.096,0.067,0.089,0.013,0.065
9/28/23 22:00,0.094,0.067,0.086,0.012,0.064
9/28/23 23:00,0.093,0.066,0.085,0.012,0.064
9/29/23 0:00,0.093,0.066,0.084,0.011,0.063
9/29/23 1:00,0.094,0.066,0.084,0.011,0.063
9/29/23 2:00,0.094,0.066,0.083,0.011,0.062
9/29/23 3:00,0.094,0.065,0.083,0.011,0.062
9/29/23 4:00,0.094,0.065,0.083,0.01,0.062
9/29/23 5:00,0.093,0.064,0.082,0.01,0.062
9/29/23 6:00,0.092,0.064,0.082,0.009,0.062
9/29/23 7:00,0.091,0.064,0.081,0.009,0.062
9/29/23 8:00,0.09,0.064,0.081,0.009,0.061
9/29/23 9:00,0.091,0.064,0.081,0.009,0.062
9/29/23 10:00,0.093,0.064,0.083,0.011,0.063
9/29/23 11:00,0.094,0.066,0.083,0.011,0.065
9/29/23 12:00,0.096,0.068,0.086,0.013,0.066
9/29/23 13:00,0.096,0.069,0.09,0.014,0.069
9/29/23 14:00,0.097,0.069,0.092,0.014,0.069
9/29/23 15:00,0.097,0.07,0.093,0.014,0.069
9/29/23 16:00,0.097,0.069,0.093,0.014,0.069
9/29/23 17:00,0.096,0.069,0.092,0.013,0.067
9/29/23 18:00,0.095,0.068,0.09,0.012,0.066
9/29/23 19:00,0.094,0.067,0.089,0.011,0.065
9/29/23 20:00,0.093,0.066,0.088,0.011,0.064
9/29/23 21:00,0.093,0.066,0.087,0.011,0.063
9/29/23 22:00,0.093,0.066,0.086,0.011,0.063
9/29/23 23:00,0.091,0.066,0.087,0.01,0.064
9/30/23 0:00,0.09,0.066,0.087,0.011,0.066
9/30/23 1:00,0.091,0.066,0.086,0.011,0.066
9/30/23 2:00,0.091,0.066,0.086,0.011,0.066
9/30/23 3:00,0.092,0.067,0.095,0.014,0.067
9/30/23 4:00,0.094,0.072,0.102,0.017,0.069
9/30/23 5:00,0.095,0.072,0.098,0.021,0.069
9/30/23 6:00,0.096,0.071,0.094,0.022,0.07
9/30/23 7:00,0.098,0.07,0.093,0.023,0.07
9/30/23 8:00,0.1,0.07,0.092,0.024,0.071
9/30/23 9:00,0.102,0.071,0.092,0.025,0.072
9/30/23 10:00,0.103,0.072,0.093,0.026,0.072
9/30/23 11:00,0.105,0.072,0.093,0.026,0.073
9/30/23 12:00,0.105,0.074,0.098,0.029,0.076
9/30/23 13:00,0.159,0.09,0.144,0.04,0.098
9/30/23 14:00,0.217,0.102,0.167,0.053,0.113
9/30/23 15:00,0.213,0.109,0.158,0.058,0.115
9/30/23 16:00,0.211,0.113,0.147,0.063,0.117
9/30/23 17:00,0.227,0.118,0.167,0.069,0.124
9/30/23 18:00,0.258,0.123,0.207,0.075,0.136
9/30/23 19:00,0.261,0.128,0.185,0.075,0.14
9/30/23 20:00,0.238,0.126,0.153,0.075,0.134
9/30/23 21:00,0.222,0.123,0.14,0.074,0.13
9/30/23 22:00,0.215,0.121,0.134,0.076,0.128
9/30/23 23:00,0.212,0.12,0.133,0.075,0.128
10/1/23 0:00,0.207,0.12,0.131,0.075,0.126
10/1/23 1:00,0.203,0.118,0.13,0.072,0.125
10/1/23 2:00,0.199,0.117,0.129,0.072,0.123
10/1/23 3:00,0.196,0.117,0.128,0.07,0.123
10/1/23 4:00,0.194,0.116,0.128,0.069,0.122
10/1/23 5:00,0.191,0.115,0.128,0.068,0.12
10/1/23 6:00,0.189,0.114,0.127,0.067,0.12
10/1/23 7:00,0.187,0.114,0.127,0.066,0.119
10/1/23 8:00,0.185,0.113,0.128,0.066,0.119
10/1/23 9:00,0.185,0.113,0.128,0.066,0.118
10/1/23 10:00,0.184,0.114,0.129,0.066,0.119
10/1/23 11:00,0.183,0.114,0.131,0.066,0.119
10/1/23 12:00,0.182,0.114,0.133,0.066,0.118
10/1/23 13:00,0.181,0.114,0.134,0.065,0.118
10/1/23 14:00,0.18,0.114,0.134,0.065,0.117
10/1/23 15:00,0.182,0.115,0.128,0.068,0.12
10/1/23 16:00,0.185,0.117,0.129,0.073,0.123
10/1/23 17:00,0.186,0.117,0.131,0.072,0.122
10/1/23 18:00,0.185,0.117,0.131,0.071,0.121
10/1/23 19:00,0.183,0.116,0.129,0.07,0.12
10/1/23 20:00,0.185,0.117,0.126,0.074,0.122
10/1/23 21:00,0.185,0.117,0.127,0.073,0.122
10/1/23 22:00,0.184,0.117,0.126,0.072,0.12
10/1/23 23:00,0.182,0.116,0.125,0.07,0.12
10/2/23 0:00,0.18,0.115,0.124,0.069,0.118
10/2/23 1:00,0.179,0.115,0.123,0.067,0.118
10/2/23 2:00,0.179,0.115,0.123,0.067,0.118
10/2/23 3:00,0.178,0.114,0.123,0.066,0.117
10/2/23 4:00,0.177,0.113,0.123,0.066,0.117
10/2/23 5:00,0.176,0.113,0.123,0.066,0.117
10/2/23 6:00,0.175,0.113,0.123,0.065,0.117
10/2/23 7:00,0.174,0.112,0.122,0.064,0.117
10/2/23 8:00,0.173,0.112,0.122,0.064,0.116
10/2/23 9:00,0.172,0.112,0.123,0.064,0.116
10/2/23 10:00,0.173,0.113,0.123,0.064,0.117
10/2/23 11:00,0.173,0.113,0.125,0.065,0.117
10/2/23 12:00,0.174,0.116,0.13,0.066,0.117
10/2/23 13:00,0.176,0.117,0.134,0.066,0.118
10/2/23 14:00,0.175,0.117,0.136,0.065,0.117
10/2/23 15:00,0.174,0.117,0.14,0.065,0.118
10/2/23 16:00,0.173,0.117,0.14,0.063,0.117
10/2/23 17:00,0.171,0.116,0.139,0.062,0.115
10/2/23 18:00,0.168,0.115,0.137,0.061,0.114
10/2/23 19:00,0.168,0.113,0.135,0.06,0.113
10/2/23 20:00,0.166,0.112,0.134,0.06,0.111
10/2/23 21:00,0.164,0.111,0.133,0.059,0.111
10/2/23 22:00,0.162,0.111,0.131,0.059,0.11
10/2/23 23:00,0.163,0.11,0.13,0.058,0.11
10/3/23 0:00,0.163,0.11,0.129,0.058,0.11
10/3/23 1:00,0.163,0.109,0.129,0.057,0.109
10/3/23 2:00,0.164,0.109,0.128,0.057,0.109
10/3/23 3:00,0.163,0.108,0.128,0.057,0.109
10/3/23 4:00,0.163,0.108,0.128,0.057,0.109
10/3/23 5:00,0.162,0.108,0.127,0.057,0.108
10/3/23 6:00,0.162,0.107,0.127,0.056,0.108
10/3/23 7:00,0.161,0.107,0.127,0.056,0.108
10/3/23 8:00,0.161,0.107,0.127,0.056,0.108
10/3/23 9:00,0.161,0.107,0.127,0.057,0.108
10/3/23 10:00,0.162,0.108,0.128,0.058,0.109
10/3/23 11:00,0.162,0.109,0.129,0.059,0.111
10/3/23 12:00,0.165,0.112,0.131,0.06,0.111
10/3/23 13:00,0.166,0.113,0.137,0.061,0.116
10/3/23 14:00,0.168,0.114,0.137,0.061,0.113
10/3/23 15:00,0.169,0.115,0.14,0.06,0.115
10/3/23 16:00,0.168,0.113,0.14,0.059,0.112
10/3/23 17:00,0.17,0.111,0.138,0.057,0.109
10/3/23 18:00,0.165,0.11,0.136,0.055,0.107
10/3/23 19:00,0.161,0.109,0.134,0.055,0.106
10/3/23 20:00,0.157,0.108,0.133,0.054,0.106
10/3/23 21:00,0.155,0.107,0.132,0.054,0.105
10/3/23 22:00,0.153,0.106,0.131,0.054,0.105
10/3/23 23:00,0.152,0.106,0.13,0.054,0.105
10/4/23 0:00,0.152,0.106,0.13,0.054,0.105
10/4/23 1:00,0.151,0.105,0.13,0.053,0.105
10/4/23 2:00,0.151,0.105,0.129,0.053,0.105
10/4/23 3:00,0.151,0.105,0.128,0.053,0.105
10/4/23 4:00,0.152,0.105,0.128,0.052,0.105
10/4/23 5:00,0.154,0.105,0.129,0.052,0.105
10/4/23 6:00,0.154,0.104,0.128,0.052,0.105
10/4/23 7:00,0.156,0.103,0.128,0.052,0.105
10/4/23 8:00,0.156,0.103,0.128,0.052,0.105
10/4/23 9:00,0.156,0.103,0.129,0.053,0.105
10/4/23 10:00,0.157,0.105,0.129,0.054,0.105
10/4/23 11:00,0.158,0.105,0.13,0.054,0.106
10/4/23 12:00,0.16,0.107,0.131,0.056,0.108
10/4/23 13:00,0.162,0.108,0.137,0.056,0.11
10/4/23 14:00,0.162,0.109,0.136,0.058,0.108
10/4/23 15:00,0.158,0.11,0.134,0.056,0.11
10/4/23 16:00,0.156,0.107,0.133,0.054,0.107
10/4/23 17:00,0.171,0.106,0.133,0.052,0.104
10/4/23 18:00,0.162,0.105,0.133,0.051,0.103
10/4/23 19:00,0.156,0.104,0.13,0.05,0.102
10/4/23 20:00,0.151,0.103,0.129,0.049,0.101
10/4/23 21:00,0.15,0.103,0.128,0.049,0.101
10/4/23 22:00,0.147,0.102,0.127,0.049,0.101
10/4/23 23:00,0.146,0.102,0.126,0.049,0.101
10/5/23 0:00,0.146,0.101,0.125,0.049,0.101
10/5/23 1:00,0.145,0.101,0.125,0.048,0.101
10/5/23 2:00,0.145,0.101,0.125,0.048,0.1
10/5/23 3:00,0.145,0.1,0.124,0.048,0.1
10/5/23 4:00,0.144,0.1,0.124,0.047,0.1
10/5/23 5:00,0.144,0.1,0.124,0.047,0.1
10/5/23 6:00,0.145,0.1,0.124,0.047,0.101
10/5/23 7:00,0.146,0.1,0.124,0.047,0.101
10/5/23 8:00,0.145,0.1,0.124,0.047,0.102
10/5/23 9:00,0.145,0.1,0.124,0.047,0.102
10/5/23 10:00,0.147,0.1,0.125,0.048,0.103
10/5/23 11:00,0.148,0.1,0.126,0.049,0.104
10/5/23 12:00,0.151,0.104,0.127,0.051,0.105
10/5/23 13:00,0.156,0.105,0.133,0.052,0.106
10/5/23 14:00,0.158,0.105,0.133,0.053,0.105
10/5/23 15:00,0.147,0.105,0.128,0.052,0.106
10/5/23 16:00,0.149,0.104,0.13,0.05,0.103
10/5/23 17:00,0.151,0.103,0.128,0.049,0.1
10/5/23 18:00,0.156,0.101,0.128,0.048,0.1
10/5/23 19:00,0.151,0.1,0.127,0.046,0.1
10/5/23 20:00,0.146,0.1,0.126,0.045,0.1
10/5/23 21:00,0.145,0.1,0.125,0.045,0.1
10/5/23 22:00,0.143,0.099,0.124,0.045,0.1
10/5/23 23:00,0.142,0.098,0.123,0.044,0.1
10/6/23 0:00,0.14,0.098,0.123,0.044,0.099
10/6/23 1:00,0.14,0.098,0.123,0.044,0.099
10/6/23 2:00,0.139,0.098,0.123,0.043,0.1
10/6/23 3:00,0.138,0.097,0.123,0.043,0.099
10/6/23 4:00,0.137,0.096,0.122,0.043,0.099
10/6/23 5:00,0.138,0.096,0.122,0.043,0.098
10/6/23 6:00,0.14,0.096,0.122,0.043,0.098
10/6/23 7:00,0.14,0.095,0.122,0.043,0.097
10/6/23 8:00,0.14,0.095,0.123,0.043,0.096
10/6/23 9:00,0.14,0.095,0.123,0.043,0.096
10/6/23 10:00,0.141,0.096,0.123,0.044,0.097
10/6/23 11:00,0.142,0.096,0.123,0.045,0.099
10/6/23 12:00,0.145,0.1,0.124,0.047,0.1
10/6/23 13:00,0.151,0.1,0.13,0.049,0.105
10/6/23 14:00,0.152,0.101,0.129,0.049,0.103
10/6/23 15:00,0.142,0.102,0.125,0.049,0.104
10/6/23 16:00,0.144,0.1,0.127,0.047,0.101
10/6/23 17:00,0.147,0.1,0.124,0.045,0.099
10/6/23 18:00,0.168,0.098,0.125,0.044,0.097
10/6/23 19:00,0.151,0.097,0.124,0.043,0.097
10/6/23 20:00,0.143,0.096,0.123,0.043,0.096
10/6/23 21:00,0.14,0.096,0.123,0.042,0.096
10/6/23 22:00,0.138,0.095,0.123,0.042,0.095
10/6/23 23:00,0.137,0.094,0.122,0.041,0.094
10/7/23 0:00,0.134,0.094,0.122,0.041,0.094
10/7/23 1:00,0.134,0.094,0.12,0.04,0.094
10/7/23 2:00,0.134,0.094,0.12,0.04,0.093
10/7/23 3:00,0.134,0.093,0.12,0.04,0.094
10/7/23 4:00,0.134,0.093,0.119,0.04,0.093
10/7/23 5:00,0.134,0.093,0.119,0.04,0.093
10/7/23 6:00,0.134,0.093,0.12,0.039,0.093
10/7/23 7:00,0.134,0.092,0.119,0.039,0.092
10/7/23 8:00,0.134,0.092,0.119,0.039,0.092
10/7/23 9:00,0.135,0.092,0.12,0.04,0.092
10/7/23 10:00,0.135,0.093,0.12,0.041,0.093
10/7/23 11:00,0.137,0.093,0.12,0.042,0.094
10/7/23 12:00,0.14,0.096,0.121,0.043,0.095
10/7/23 13:00,0.142,0.096,0.126,0.045,0.1
10/7/23 14:00,0.144,0.098,0.127,0.046,0.099
10/7/23 15:00,0.139,0.099,0.124,0.046,0.1
10/7/23 16:00,0.139,0.096,0.124,0.043,0.099
10/7/23 17:00,0.143,0.095,0.123,0.043,0.095
10/7/23 18:00,0.148,0.094,0.123,0.042,0.093
10/7/23 19:00,0.141,0.093,0.121,0.04,0.092
10/7/23 20:00,0.136,0.093,0.12,0.038,0.092
10/7/23 21:00,0.134,0.092,0.118,0.038,0.089
10/7/23 22:00,0.133,0.091,0.118,0.038,0.089
10/7/23 23:00,0.13,0.091,0.117,0.038,0.089
10/8/23 0:00,0.13,0.09,0.117,0.037,0.089
10/8/23 1:00,0.13,0.09,0.117,0.037,0.089
10/8/23 2:00,0.129,0.089,0.117,0.037,0.089
10/8/23 3:00,0.129,0.089,0.117,0.036,0.088
10/8/23 4:00,0.129,0.089,0.117,0.036,0.088
10/8/23 5:00,0.13,0.089,0.117,0.036,0.088
10/8/23 6:00,0.143,0.089,0.116,0.035,0.088
10/8/23 7:00,0.151,0.088,0.117,0.035,0.087
10/8/23 8:00,0.159,0.088,0.117,0.035,0.086
10/8/23 9:00,0.163,0.088,0.117,0.036,0.087
10/8/23 10:00,0.178,0.089,0.117,0.037,0.088
10/8/23 11:00,0.152,0.089,0.118,0.038,0.089
10/8/23 12:00,0.129,0.093,0.119,0.04,0.09
10/8/23 13:00,0.139,0.093,0.127,0.041,0.094
10/8/23 14:00,0.139,0.094,0.127,0.042,0.093
10/8/23 15:00,0.136,0.095,0.125,0.043,0.096
10/8/23 16:00,0.136,0.094,0.125,0.04,0.094
10/8/23 17:00,0.14,0.092,0.123,0.039,0.09
10/8/23 18:00,0.14,0.091,0.122,0.038,0.089
10/8/23 19:00,0.131,0.089,0.119,0.037,0.087
10/8/23 20:00,0.129,0.089,0.117,0.036,0.086
10/8/23 21:00,0.128,0.088,0.117,0.035,0.085
10/8/23 22:00,0.124,0.088,0.116,0.034,0.084
10/8/23 23:00,0.123,0.087,0.115,0.034,0.084
10/9/23 0:00,0.125,0.086,0.114,0.033,0.084
10/9/23 1:00,0.125,0.086,0.113,0.033,0.083
10/9/23 2:00,0.124,0.086,0.113,0.033,0.083
10/9/23 3:00,0.123,0.085,0.113,0.032,0.083
10/9/23 4:00,0.124,0.085,0.112,0.032,0.082
10/9/23 5:00,0.123,0.084,0.112,0.032,0.082
10/9/23 6:00,0.123,0.084,0.112,0.032,0.082
10/9/23 7:00,0.123,0.084,0.112,0.032,0.082
10/9/23 8:00,0.123,0.085,0.113,0.033,0.083
10/9/23 9:00,0.124,0.085,0.113,0.033,0.083
10/9/23 10:00,0.125,0.086,0.113,0.034,0.083
10/9/23 11:00,0.127,0.086,0.113,0.035,0.084
10/9/23 12:00,0.127,0.088,0.114,0.035,0.084
10/9/23 13:00,0.127,0.089,0.117,0.036,0.086
10/9/23 14:00,0.127,0.088,0.117,0.036,0.086
10/9/23 15:00,0.126,0.088,0.116,0.035,0.084
10/9/23 16:00,0.127,0.088,0.116,0.035,0.084
10/9/23 17:00,0.126,0.087,0.116,0.034,0.084
10/9/23 18:00,0.125,0.086,0.115,0.033,0.083
10/9/23 19:00,0.123,0.085,0.113,0.032,0.082
10/9/23 20:00,0.121,0.084,0.111,0.032,0.08
10/9/23 21:00,0.12,0.083,0.11,0.032,0.079
10/9/23 22:00,0.121,0.083,0.109,0.031,0.079
10/9/23 23:00,0.123,0.083,0.11,0.03,0.079
10/10/23 0:00,0.121,0.083,0.109,0.03,0.078
10/10/23 1:00,0.12,0.083,0.108,0.03,0.078
10/10/23 2:00,0.118,0.082,0.108,0.029,0.078
10/10/23 3:00,0.116,0.082,0.108,0.029,0.078
10/10/23 4:00,0.113,0.081,0.108,0.028,0.077
10/10/23 5:00,0.112,0.081,0.108,0.028,0.077
10/10/23 6:00,0.112,0.081,0.107,0.028,0.077
10/10/23 7:00,0.111,0.081,0.106,0.028,0.077
10/10/23 8:00,0.111,0.081,0.106,0.028,0.077
10/10/23 9:00,0.112,0.081,0.106,0.028,0.078
10/10/23 10:00,0.113,0.082,0.107,0.03,0.079
10/10/23 11:00,0.115,0.083,0.109,0.032,0.081
10/10/23 12:00,0.121,0.085,0.111,0.032,0.082
10/10/23 13:00,0.126,0.086,0.113,0.034,0.083
10/10/23 14:00,0.126,0.086,0.114,0.035,0.083
10/10/23 15:00,0.124,0.086,0.115,0.034,0.083
10/10/23 16:00,0.126,0.085,0.117,0.033,0.083
10/10/23 17:00,0.124,0.084,0.115,0.032,0.082
10/10/23 18:00,0.123,0.083,0.114,0.032,0.08
10/10/23 19:00,0.12,0.083,0.112,0.03,0.079
10/10/23 20:00,0.129,0.089,0.128,0.035,0.088
10/10/23 21:00,0.169,0.103,0.168,0.049,0.109
10/10/23 22:00,0.215,0.112,0.201,0.06,0.123
10/10/23 23:00,0.239,0.123,0.197,0.066,0.134
10/11/23 0:00,0.248,0.13,0.194,0.069,0.141
10/11/23 1:00,0.259,0.134,0.201,0.072,0.145
10/11/23 2:00,0.243,0.132,0.173,0.072,0.14
10/11/23 3:00,0.226,0.128,0.156,0.072,0.135
10/11/23 4:00,0.216,0.126,0.15,0.072,0.133
10/11/23 5:00,0.209,0.123,0.145,0.072,0.13
10/11/23 6:00,0.212,0.127,0.148,0.076,0.133
10/11/23 7:00,0.211,0.129,0.149,0.077,0.132
10/11/23 8:00,0.207,0.127,0.145,0.077,0.13
10/11/23 9:00,0.204,0.127,0.145,0.077,0.13
10/11/23 10:00,0.201,0.126,0.146,0.075,0.128
10/11/23 11:00,0.198,0.125,0.147,0.073,0.128
10/11/23 12:00,0.197,0.127,0.147,0.072,0.128
10/11/23 13:00,0.2,0.125,0.15,0.072,0.128
10/11/23 14:00,0.197,0.123,0.148,0.071,0.126
10/11/23 15:00,0.196,0.123,0.151,0.069,0.127
10/11/23 16:00,0.191,0.122,0.153,0.066,0.125
10/11/23 17:00,0.187,0.121,0.15,0.066,0.123
10/11/23 18:00,0.183,0.12,0.147,0.065,0.121
10/11/23 19:00,0.181,0.119,0.146,0.064,0.119
10/11/23 20:00,0.181,0.117,0.145,0.063,0.117
10/11/23 21:00,0.18,0.117,0.144,0.062,0.117
10/11/23 22:00,0.175,0.117,0.143,0.062,0.117
10/11/23 23:00,0.171,0.116,0.142,0.061,0.116
10/12/23 0:00,0.168,0.116,0.141,0.06,0.115
10/12/23 1:00,0.168,0.116,0.14,0.06,0.115
10/12/23 2:00,0.166,0.115,0.14,0.059,0.114
10/12/23 3:00,0.166,0.115,0.139,0.059,0.113
10/12/23 4:00,0.164,0.114,0.139,0.057,0.112
10/12/23 5:00,0.163,0.113,0.139,0.056,0.111
10/12/23 6:00,0.162,0.113,0.139,0.055,0.111
10/12/23 7:00,0.161,0.112,0.138,0.054,0.11
10/12/23 8:00,0.159,0.112,0.137,0.054,0.108
10/12/23 9:00,0.158,0.111,0.137,0.053,0.108
10/12/23 10:00,0.158,0.112,0.136,0.054,0.109
10/12/23 11:00,0.16,0.113,0.137,0.056,0.111
10/12/23 12:00,0.165,0.117,0.141,0.061,0.114
10/12/23 13:00,0.171,0.117,0.149,0.063,0.117
10/12/23 14:00,0.171,0.117,0.147,0.064,0.115
10/12/23 15:00,0.174,0.117,0.15,0.062,0.118
10/12/23 16:00,0.176,0.116,0.151,0.06,0.117
10/12/23 17:00,0.171,0.115,0.147,0.059,0.112
10/12/23 18:00,0.166,0.113,0.145,0.057,0.11
10/12/23 19:00,0.164,0.113,0.144,0.057,0.109
10/12/23 20:00,0.164,0.112,0.143,0.055,0.108
10/12/23 21:00,0.164,0.111,0.141,0.055,0.107
10/12/23 22:00,0.16,0.111,0.139,0.055,0.106
10/12/23 23:00,0.156,0.111,0.14,0.054,0.106
10/13/23 0:00,0.155,0.111,0.14,0.054,0.106
10/13/23 1:00,0.154,0.11,0.139,0.054,0.106
10/13/23 2:00,0.153,0.11,0.138,0.054,0.106
10/13/23 3:00,0.152,0.11,0.137,0.054,0.105
10/13/23 4:00,0.152,0.109,0.137,0.053,0.105
10/13/23 5:00,0.151,0.109,0.137,0.052,0.105
10/13/23 6:00,0.151,0.109,0.136,0.052,0.103
10/13/23 7:00,0.151,0.108,0.135,0.051,0.103
10/13/23 8:00,0.15,0.108,0.135,0.05,0.103
10/13/23 9:00,0.149,0.108,0.134,0.05,0.102
10/13/23 10:00,0.15,0.108,0.134,0.051,0.103
10/13/23 11:00,0.151,0.109,0.135,0.054,0.105
10/13/23 12:00,0.156,0.113,0.14,0.057,0.107
10/13/23 13:00,0.162,0.113,0.145,0.058,0.11
10/13/23 14:00,0.162,0.113,0.144,0.059,0.108
10/13/23 15:00,0.161,0.113,0.144,0.058,0.109
10/13/23 16:00,0.161,0.112,0.143,0.056,0.107
10/13/23 17:00,0.159,0.111,0.141,0.055,0.105
10/13/23 18:00,0.157,0.111,0.14,0.054,0.105
10/13/23 19:00,0.157,0.11,0.139,0.053,0.103
10/13/23 20:00,0.156,0.109,0.136,0.052,0.102
10/13/23 21:00,0.156,0.109,0.136,0.052,0.102
10/13/23 22:00,0.156,0.108,0.135,0.052,0.102
10/13/23 23:00,0.155,0.108,0.134,0.051,0.101
10/14/23 0:00,0.153,0.108,0.134,0.051,0.101
10/14/23 1:00,0.152,0.108,0.134,0.051,0.101
10/14/23 2:00,0.152,0.108,0.134,0.051,0.102
10/14/23 3:00,0.152,0.108,0.134,0.051,0.102
10/14/23 4:00,0.152,0.108,0.133,0.051,0.102
10/14/23 5:00,0.151,0.108,0.133,0.051,0.101
10/14/23 6:00,0.151,0.107,0.133,0.051,0.101
10/14/23 7:00,0.151,0.107,0.133,0.05,0.101
10/14/23 8:00,0.151,0.107,0.132,0.05,0.101
10/14/23 9:00,0.151,0.107,0.133,0.051,0.101
10/14/23 10:00,0.151,0.107,0.132,0.051,0.101
10/14/23 11:00,0.151,0.107,0.133,0.051,0.102
10/14/23 12:00,0.154,0.111,0.134,0.053,0.103
10/14/23 13:00,0.156,0.111,0.139,0.054,0.105
10/14/23 14:00,0.156,0.111,0.138,0.054,0.104
10/14/23 15:00,0.157,0.112,0.14,0.054,0.106
10/14/23 16:00,0.158,0.111,0.141,0.053,0.105
10/14/23 17:00,0.155,0.11,0.139,0.052,0.103
10/14/23 18:00,0.152,0.108,0.136,0.05,0.1
10/14/23 19:00,0.151,0.107,0.134,0.049,0.1
10/14/23 20:00,0.151,0.106,0.133,0.049,0.098
10/14/23 21:00,0.149,0.105,0.132,0.048,0.098
10/14/23 22:00,0.147,0.105,0.13,0.048,0.097
10/14/23 23:00,0.147,0.105,0.13,0.047,0.097
10/15/23 0:00,0.146,0.104,0.13,0.047,0.097
10/15/23 1:00,0.144,0.104,0.13,0.047,0.096
10/15/23 2:00,0.142,0.103,0.13,0.047,0.096
10/15/23 3:00,0.14,0.103,0.129,0.046,0.096
10/15/23 4:00,0.14,0.103,0.129,0.046,0.096
10/15/23 5:00,0.14,0.103,0.128,0.046,0.096
10/15/23 6:00,0.14,0.103,0.128,0.046,0.096
10/15/23 7:00,0.139,0.102,0.128,0.046,0.096
10/15/23 8:00,0.139,0.102,0.128,0.046,0.096
10/15/23 9:00,0.139,0.102,0.128,0.047,0.097
10/15/23 10:00,0.14,0.103,0.128,0.048,0.098
10/15/23 11:00,0.141,0.104,0.13,0.049,0.1
10/15/23 12:00,0.15,0.107,0.131,0.051,0.1
10/15/23 13:00,0.155,0.107,0.135,0.052,0.104
10/15/23 14:00,0.157,0.108,0.135,0.054,0.102
10/15/23 15:00,0.152,0.109,0.138,0.053,0.105
10/15/23 16:00,0.152,0.107,0.139,0.051,0.102
10/15/23 17:00,0.161,0.106,0.136,0.05,0.099
10/15/23 18:00,0.15,0.105,0.135,0.049,0.097
10/15/23 19:00,0.148,0.103,0.133,0.048,0.096
10/15/23 20:00,0.145,0.103,0.132,0.047,0.095
10/15/23 21:00,0.145,0.102,0.131,0.046,0.095
10/15/23 22:00,0.144,0.102,0.13,0.045,0.094
10/15/23 23:00,0.143,0.101,0.13,0.045,0.094
10/16/23 0:00,0.142,0.101,0.13,0.045,0.094
10/16/23 1:00,0.141,0.1,0.129,0.045,0.094
10/16/23 2:00,0.142,0.1,0.128,0.044,0.094
10/16/23 3:00,0.141,0.1,0.128,0.044,0.093
10/16/23 4:00,0.14,0.1,0.128,0.044,0.093
10/16/23 5:00,0.139,0.1,0.127,0.043,0.093
10/16/23 6:00,0.137,0.1,0.127,0.043,0.093
10/16/23 7:00,0.135,0.099,0.127,0.043,0.093
10/16/23 8:00,0.135,0.099,0.127,0.043,0.093
10/16/23 9:00,0.135,0.099,0.127,0.043,0.093
10/16/23 10:00,0.136,0.1,0.127,0.045,0.094
10/16/23 11:00,0.138,0.1,0.128,0.046,0.096
10/16/23 12:00,0.144,0.104,0.129,0.049,0.097
10/16/23 13:00,0.152,0.104,0.135,0.049,0.1
10/16/23 14:00,0.153,0.104,0.135,0.05,0.098
10/16/23 15:00,0.147,0.105,0.136,0.05,0.1
10/16/23 16:00,0.148,0.103,0.136,0.049,0.099
10/16/23 17:00,0.146,0.102,0.134,0.047,0.096
10/16/23 18:00,0.143,0.101,0.132,0.046,0.094
10/16/23 19:00,0.14,0.1,0.128,0.045,0.093
10/16/23 20:00,0.14,0.1,0.127,0.043,0.092
10/16/23 21:00,0.139,0.099,0.127,0.043,0.091
10/16/23 22:00,0.14,0.098,0.126,0.043,0.091
10/16/23 23:00,0.14,0.098,0.126,0.042,0.09
10/17/23 0:00,0.138,0.097,0.125,0.042,0.09
10/17/23 1:00,0.136,0.096,0.125,0.042,0.09
10/17/23 2:00,0.134,0.096,0.123,0.041,0.089
10/17/23 3:00,0.132,0.096,0.123,0.041,0.089
10/17/23 4:00,0.13,0.096,0.123,0.041,0.089
10/17/23 5:00,0.129,0.095,0.122,0.04,0.089
10/17/23 6:00,0.128,0.095,0.122,0.04,0.089
10/17/23 7:00,0.128,0.095,0.122,0.04,0.089
10/17/23 8:00,0.128,0.094,0.123,0.04,0.089
10/17/23 9:00,0.128,0.095,0.123,0.04,0.089
10/17/23 10:00,0.129,0.095,0.123,0.041,0.09
10/17/23 11:00,0.13,0.097,0.123,0.043,0.093
10/17/23 12:00,0.138,0.1,0.126,0.045,0.094
10/17/23 13:00,0.143,0.1,0.132,0.046,0.097
10/17/23 14:00,0.145,0.1,0.133,0.048,0.095
10/17/23 15:00,0.14,0.101,0.133,0.048,0.099
10/17/23 16:00,0.142,0.1,0.134,0.045,0.097
10/17/23 17:00,0.164,0.099,0.131,0.044,0.094
10/17/23 18:00,0.141,0.098,0.129,0.043,0.091
10/17/23 19:00,0.14,0.097,0.127,0.042,0.09
10/17/23 20:00,0.137,0.096,0.125,0.042,0.089
10/17/23 21:00,0.134,0.095,0.126,0.041,0.089
10/17/23 22:00,0.134,0.095,0.125,0.04,0.089
10/17/23 23:00,0.134,0.094,0.125,0.04,0.089
10/18/23 0:00,0.134,0.094,0.125,0.04,0.089
10/18/23 1:00,0.134,0.094,0.124,0.04,0.088
10/18/23 2:00,0.134,0.094,0.123,0.039,0.088
10/18/23 3:00,0.133,0.094,0.123,0.039,0.088
10/18/23 4:00,0.133,0.093,0.123,0.039,0.088
10/18/23 5:00,0.132,0.093,0.123,0.038,0.088
10/18/23 6:00,0.133,0.093,0.123,0.038,0.088
10/18/23 7:00,0.134,0.093,0.123,0.038,0.087
10/18/23 8:00,0.133,0.093,0.123,0.038,0.087
10/18/23 9:00,0.13,0.093,0.122,0.038,0.088
10/18/23 10:00,0.131,0.093,0.123,0.038,0.088
10/18/23 11:00,0.133,0.094,0.123,0.04,0.089
10/18/23 12:00,0.137,0.098,0.124,0.043,0.091
10/18/23 13:00,0.137,0.098,0.13,0.043,0.094
10/18/23 14:00,0.141,0.099,0.13,0.045,0.093
10/18/23 15:00,0.136,0.1,0.129,0.044,0.096
10/18/23 16:00,0.138,0.098,0.129,0.043,0.096
10/18/23 17:00,0.161,0.096,0.128,0.042,0.093
10/18/23 18:00,0.143,0.095,0.125,0.041,0.09
10/18/23 19:00,0.138,0.094,0.123,0.039,0.089
10/18/23 20:00,0.132,0.094,0.123,0.038,0.087
10/18/23 21:00,0.128,0.093,0.123,0.038,0.087
10/18/23 22:00,0.127,0.092,0.123,0.037,0.086
10/18/23 23:00,0.129,0.092,0.123,0.037,0.086
10/19/23 0:00,0.13,0.091,0.123,0.037,0.085
10/19/23 1:00,0.131,0.091,0.122,0.036,0.085
10/19/23 2:00,0.13,0.09,0.121,0.035,0.084
10/19/23 3:00,0.13,0.09,0.12,0.035,0.084
10/19/23 4:00,0.128,0.089,0.12,0.035,0.084
10/19/23 5:00,0.127,0.089,0.12,0.035,0.084
10/19/23 6:00,0.125,0.089,0.119,0.035,0.084
10/19/23 7:00,0.123,0.089,0.118,0.035,0.084
10/19/23 8:00,0.123,0.089,0.118,0.034,0.084
10/19/23 9:00,0.123,0.089,0.118,0.035,0.084
10/19/23 10:00,0.123,0.089,0.119,0.035,0.085
10/19/23 11:00,0.125,0.09,0.119,0.037,0.087
10/19/23 12:00,0.13,0.094,0.121,0.039,0.089
10/19/23 13:00,0.134,0.094,0.128,0.04,0.092
10/19/23 14:00,0.139,0.094,0.128,0.042,0.09
10/19/23 15:00,0.133,0.095,0.128,0.042,0.093
10/19/23 16:00,0.134,0.094,0.127,0.04,0.093
10/19/23 17:00,0.168,0.093,0.125,0.038,0.089
10/19/23 18:00,0.157,0.092,0.123,0.038,0.087
10/19/23 19:00,0.13,0.091,0.122,0.037,0.086
10/19/23 20:00,0.126,0.089,0.121,0.036,0.084
10/19/23 21:00,0.123,0.089,0.122,0.035,0.083
10/19/23 22:00,0.123,0.089,0.122,0.034,0.083
10/19/23 23:00,0.126,0.088,0.123,0.034,0.083
10/20/23 0:00,0.127,0.088,0.122,0.033,0.083
10/20/23 1:00,0.127,0.088,0.121,0.033,0.082
10/20/23 2:00,0.126,0.087,0.12,0.032,0.082
10/20/23 3:00,0.126,0.086,0.12,0.032,0.082
10/20/23 4:00,0.125,0.086,0.12,0.032,0.082
10/20/23 5:00,0.123,0.086,0.119,0.032,0.081
10/20/23 6:00,0.122,0.086,0.118,0.032,0.081
10/20/23 7:00,0.12,0.086,0.117,0.032,0.081
10/20/23 8:00,0.119,0.086,0.117,0.032,0.081
10/20/23 9:00,0.119,0.086,0.117,0.032,0.082
10/20/23 10:00,0.12,0.086,0.117,0.032,0.083
10/20/23 11:00,0.122,0.087,0.117,0.034,0.084
10/20/23 12:00,0.126,0.09,0.119,0.037,0.085